<BackupInst xmlns="http://www.microsoft.com/GroupPolicy/GPOOperations/Manifest"><GPOGuid><![CDATA[{5ACFDF9C-8773-4CF5-B428-4C0A631F6931}]]></GPOGuid><GPODomain><![CDATA[{DomainFQDN}]]></GPODomain><GPODomainGuid><![CDATA[{{DomainGUID}}]]></GPODomainGuid><GPODomainController><![CDATA[{DCName}.{DomainFQDN}]]></GPODomainController><BackupTime><![CDATA[2023-08-14T00:35:36]]></BackupTime><ID><![CDATA[{D37BC7D3-D375-4990-A04F-4BBC25011620}]]></ID><Comment><![CDATA[Scripted backup created by {DomainNetBIOS}\{DomainAdminUsername} on 8/14/2023]]></Comment><GPODisplayName><![CDATA[Delta Domain Controller Policy]]></GPODisplayName></BackupInst>
