<?xml version="1.0" encoding="utf-8"?><!-- Copyright (c) Microsoft Corporation.  All rights reserved. --><GroupPolicyBackupScheme bkp:version="2.0" bkp:type="GroupPolicyBackupTemplate" xmlns:bkp="http://www.microsoft.com/GroupPolicy/GPOOperations" xmlns="http://www.microsoft.com/GroupPolicy/GPOOperations">
    <GroupPolicyObject><SecurityGroups><Group><Sid/><SamAccountName><![CDATA[Local account]]></SamAccountName><Type><![CDATA[Unknown]]></Type><NetBIOSDomainName/><DnsDomainName/><UPN/></Group><Group><Sid/><SamAccountName><![CDATA[Guests]]></SamAccountName><Type><![CDATA[Unknown]]></Type><NetBIOSDomainName/><DnsDomainName/><UPN/></Group><Group><Sid/><SamAccountName><![CDATA[Event Log Readers]]></SamAccountName><Type><![CDATA[Unknown]]></Type><NetBIOSDomainName/><DnsDomainName/><UPN/></Group><Group><Sid/><SamAccountName><![CDATA[NETWORK SERVICE]]></SamAccountName><Type><![CDATA[Unknown]]></Type><NetBIOSDomainName/><DnsDomainName/><UPN/></Group><Group bkp:Source="FromDACL"><Sid><![CDATA[S-1-5-21-1647505280-3786546420-1012675901-519]]></Sid><SamAccountName><![CDATA[Enterprise Admins]]></SamAccountName><Type><![CDATA[UniversalGroup]]></Type><NetBIOSDomainName><![CDATA[FRS02001]]></NetBIOSDomainName><DnsDomainName><![CDATA[frs02001.localdns.nl]]></DnsDomainName><UPN><![CDATA[Enterprise Admins@frs02001.localdns.nl]]></UPN></Group><Group bkp:Source="FromDACL"><Sid><![CDATA[S-1-5-21-1647505280-3786546420-1012675901-512]]></Sid><SamAccountName><![CDATA[Domain Admins]]></SamAccountName><Type><![CDATA[GlobalGroup]]></Type><NetBIOSDomainName><![CDATA[FRS02001]]></NetBIOSDomainName><DnsDomainName><![CDATA[frs02001.localdns.nl]]></DnsDomainName><UPN><![CDATA[Domain Admins@frs02001.localdns.nl]]></UPN></Group><Group><Sid><![CDATA[S-1-5-21-1647505280-3786546420-1012675901-2493]]></Sid><SamAccountName><![CDATA[grp02001a09-sys-l-WinSrvAdmALL]]></SamAccountName><Type><![CDATA[LocalGroup]]></Type><NetBIOSDomainName><![CDATA[FRS02001]]></NetBIOSDomainName><DnsDomainName><![CDATA[frs02001.localdns.nl]]></DnsDomainName><UPN><![CDATA[grp02001a09-sys-l-WinSrvAdmALL@frs02001.localdns.nl]]></UPN></Group></SecurityGroups><FilePaths/><GroupPolicyCoreSettings><ID><![CDATA[{A9B35713-BFA7-420F-8E19-44ECB0215C74}]]></ID><Domain><![CDATA[frs02001.localdns.nl]]></Domain><SecurityDescriptor>01 00 04 9c 00 00 00 00 00 00 00 00 00 00 00 00 14 00 00 00 04 00 c8 00 07 00 00 00 05 02 28 00 00 01 00 00 01 00 00 00 8f fd ac ed b3 ff d1 11 b4 1d 00 a0 c9 68 f9 39 01 01 00 00 00 00 00 05 0b 00 00 00 00 02 24 00 37 00 0f 00 01 05 00 00 00 00 00 05 15 00 00 00 80 ef 32 62 f4 1c b2 e1 3d 35 5c 3c 00 02 00 00 00 02 24 00 37 00 0f 00 01 05 00 00 00 00 00 05 15 00 00 00 80 ef 32 62 f4 1c b2 e1 3d 35 5c 3c 07 02 00 00 00 02 14 00 14 00 02 00 01 01 00 00 00 00 00 05 09 00 00 00 00 02 14 00 14 00 02 00 01 01 00 00 00 00 00 05 0b 00 00 00 00 02 14 00 37 00 0f 00 01 01 00 00 00 00 00 05 12 00 00 00 00 0a 14 00 ff 00 0f 00 01 01 00 00 00 00 00 03 00 00 00 00</SecurityDescriptor><DisplayName><![CDATA[02001a09-C-P-W2022ParentComputerV1.4]]></DisplayName><Options><![CDATA[1]]></Options><UserVersionNumber><![CDATA[65537]]></UserVersionNumber><MachineVersionNumber><![CDATA[196611]]></MachineVersionNumber><MachineExtensionGuids><![CDATA[[{00000000-0000-0000-0000-000000000000}{79F92669-4224-476C-9C5C-6EFB4D87DF4A}][{17D89FEC-5C44-4972-B12D-241CAEF74509}{79F92669-4224-476C-9C5C-6EFB4D87DF4A}][{35378EAC-683F-11D2-A89A-00C04FBBCFA2}{D02B1F72-3407-48AE-BA88-E8213C6761F1}][{827D319E-6EAC-11D2-A4EA-00C04F79F83A}{803E14A0-B4FB-11D0-A0D0-00A0C90F574B}]]]></MachineExtensionGuids><UserExtensionGuids/><WMIFilter/></GroupPolicyCoreSettings> 
        <GroupPolicyExtension bkp:ID="{35378EAC-683F-11D2-A89A-00C04FBBCFA2}" bkp:DescName="Registry">
            <FSObjectFile bkp:Path="%GPO_MACH_FSPATH%\registry.pol" bkp:SourceExpandedPath="\\s02001a01a0a001.frs02001.localdns.nl\sysvol\frs02001.localdns.nl\Policies\{A9B35713-BFA7-420F-8E19-44ECB0215C74}\Machine\registry.pol" bkp:Location="DomainSysvol\GPO\Machine\registry.pol"/>
            
            <FSObjectFile bkp:Path="%GPO_FSPATH%\Adm\*.*" bkp:SourceExpandedPath="\\s02001a01a0a001.frs02001.localdns.nl\sysvol\frs02001.localdns.nl\Policies\{A9B35713-BFA7-420F-8E19-44ECB0215C74}\Adm\*.*"/>
        </GroupPolicyExtension>
        
        
        
        
        <GroupPolicyExtension bkp:ID="{827D319E-6EAC-11D2-A4EA-00C04F79F83A}" bkp:DescName="Security">
            <FSObjectFile bkp:Path="%GPO_MACH_FSPATH%\microsoft\windows nt\SecEdit\GptTmpl.inf" bkp:SourceExpandedPath="\\s02001a01a0a001.frs02001.localdns.nl\sysvol\frs02001.localdns.nl\Policies\{A9B35713-BFA7-420F-8E19-44ECB0215C74}\Machine\microsoft\windows nt\SecEdit\GptTmpl.inf" bkp:ReEvaluateFunction="SecurityValidateSettings" bkp:Location="DomainSysvol\GPO\Machine\microsoft\windows nt\SecEdit\GptTmpl.inf"/>
        </GroupPolicyExtension>
        
        
        
        
    <GroupPolicyExtension bkp:ID="{F15C46CD-82A0-4C2D-A210-5D0D3182A418}" bkp:DescName="Unknown Extension"><FSObjectFile bkp:Path="%GPO_FSPATH%\GPO.cmt" bkp:SourceExpandedPath="\\s02001a01a0a001.frs02001.localdns.nl\sysvol\frs02001.localdns.nl\Policies\{A9B35713-BFA7-420F-8E19-44ECB0215C74}\GPO.cmt" bkp:Location="DomainSysvol\GPO\GPO.cmt"/><FSObjectDir bkp:Path="%GPO_MACH_FSPATH%\Applications" bkp:SourceExpandedPath="\\s02001a01a0a001.frs02001.localdns.nl\sysvol\frs02001.localdns.nl\Policies\{A9B35713-BFA7-420F-8E19-44ECB0215C74}\Machine\Applications" bkp:Location="DomainSysvol\GPO\Machine\Applications"/><FSObjectFile bkp:Path="%GPO_MACH_FSPATH%\comment.cmtx" bkp:SourceExpandedPath="\\s02001a01a0a001.frs02001.localdns.nl\sysvol\frs02001.localdns.nl\Policies\{A9B35713-BFA7-420F-8E19-44ECB0215C74}\Machine\comment.cmtx" bkp:Location="DomainSysvol\GPO\Machine\comment.cmtx"/><FSObjectDir bkp:Path="%GPO_MACH_FSPATH%\microsoft" bkp:SourceExpandedPath="\\s02001a01a0a001.frs02001.localdns.nl\sysvol\frs02001.localdns.nl\Policies\{A9B35713-BFA7-420F-8E19-44ECB0215C74}\Machine\microsoft" bkp:Location="DomainSysvol\GPO\Machine\microsoft"/><FSObjectDir bkp:Path="%GPO_MACH_FSPATH%\microsoft\windows nt" bkp:SourceExpandedPath="\\s02001a01a0a001.frs02001.localdns.nl\sysvol\frs02001.localdns.nl\Policies\{A9B35713-BFA7-420F-8E19-44ECB0215C74}\Machine\microsoft\windows nt" bkp:Location="DomainSysvol\GPO\Machine\microsoft\windows nt"/><FSObjectDir bkp:Path="%GPO_MACH_FSPATH%\microsoft\windows nt\SecEdit" bkp:SourceExpandedPath="\\s02001a01a0a001.frs02001.localdns.nl\sysvol\frs02001.localdns.nl\Policies\{A9B35713-BFA7-420F-8E19-44ECB0215C74}\Machine\microsoft\windows nt\SecEdit" bkp:Location="DomainSysvol\GPO\Machine\microsoft\windows nt\SecEdit"/><FSObjectDir bkp:Path="%GPO_MACH_FSPATH%\Preferences" bkp:SourceExpandedPath="\\s02001a01a0a001.frs02001.localdns.nl\sysvol\frs02001.localdns.nl\Policies\{A9B35713-BFA7-420F-8E19-44ECB0215C74}\Machine\Preferences" bkp:Location="DomainSysvol\GPO\Machine\Preferences"/><FSObjectDir bkp:Path="%GPO_MACH_FSPATH%\Preferences\Groups" bkp:SourceExpandedPath="\\s02001a01a0a001.frs02001.localdns.nl\sysvol\frs02001.localdns.nl\Policies\{A9B35713-BFA7-420F-8E19-44ECB0215C74}\Machine\Preferences\Groups" bkp:Location="DomainSysvol\GPO\Machine\Preferences\Groups"/><FSObjectFile bkp:Path="%GPO_MACH_FSPATH%\Preferences\Groups\Groups.xml" bkp:SourceExpandedPath="\\s02001a01a0a001.frs02001.localdns.nl\sysvol\frs02001.localdns.nl\Policies\{A9B35713-BFA7-420F-8E19-44ECB0215C74}\Machine\Preferences\Groups\Groups.xml" bkp:Location="DomainSysvol\GPO\Machine\Preferences\Groups\Groups.xml"/><FSObjectDir bkp:Path="%GPO_MACH_FSPATH%\Preferences\Registry" bkp:SourceExpandedPath="\\s02001a01a0a001.frs02001.localdns.nl\sysvol\frs02001.localdns.nl\Policies\{A9B35713-BFA7-420F-8E19-44ECB0215C74}\Machine\Preferences\Registry" bkp:Location="DomainSysvol\GPO\Machine\Preferences\Registry"/><FSObjectDir bkp:Path="%GPO_MACH_FSPATH%\Scripts" bkp:SourceExpandedPath="\\s02001a01a0a001.frs02001.localdns.nl\sysvol\frs02001.localdns.nl\Policies\{A9B35713-BFA7-420F-8E19-44ECB0215C74}\Machine\Scripts" bkp:Location="DomainSysvol\GPO\Machine\Scripts"/><FSObjectDir bkp:Path="%GPO_MACH_FSPATH%\Scripts\Shutdown" bkp:SourceExpandedPath="\\s02001a01a0a001.frs02001.localdns.nl\sysvol\frs02001.localdns.nl\Policies\{A9B35713-BFA7-420F-8E19-44ECB0215C74}\Machine\Scripts\Shutdown" bkp:Location="DomainSysvol\GPO\Machine\Scripts\Shutdown"/><FSObjectDir bkp:Path="%GPO_MACH_FSPATH%\Scripts\Startup" bkp:SourceExpandedPath="\\s02001a01a0a001.frs02001.localdns.nl\sysvol\frs02001.localdns.nl\Policies\{A9B35713-BFA7-420F-8E19-44ECB0215C74}\Machine\Scripts\Startup" bkp:Location="DomainSysvol\GPO\Machine\Scripts\Startup"/><FSObjectDir bkp:Path="%GPO_USER_FSPATH%\Documents &amp; Settings" bkp:SourceExpandedPath="\\s02001a01a0a001.frs02001.localdns.nl\sysvol\frs02001.localdns.nl\Policies\{A9B35713-BFA7-420F-8E19-44ECB0215C74}\User\Documents &amp; Settings" bkp:Location="DomainSysvol\GPO\User\Documents &amp; Settings"/><FSObjectDir bkp:Path="%GPO_USER_FSPATH%\Scripts" bkp:SourceExpandedPath="\\s02001a01a0a001.frs02001.localdns.nl\sysvol\frs02001.localdns.nl\Policies\{A9B35713-BFA7-420F-8E19-44ECB0215C74}\User\Scripts" bkp:Location="DomainSysvol\GPO\User\Scripts"/><FSObjectDir bkp:Path="%GPO_USER_FSPATH%\Scripts\Logoff" bkp:SourceExpandedPath="\\s02001a01a0a001.frs02001.localdns.nl\sysvol\frs02001.localdns.nl\Policies\{A9B35713-BFA7-420F-8E19-44ECB0215C74}\User\Scripts\Logoff" bkp:Location="DomainSysvol\GPO\User\Scripts\Logoff"/><FSObjectDir bkp:Path="%GPO_USER_FSPATH%\Scripts\Logon" bkp:SourceExpandedPath="\\s02001a01a0a001.frs02001.localdns.nl\sysvol\frs02001.localdns.nl\Policies\{A9B35713-BFA7-420F-8E19-44ECB0215C74}\User\Scripts\Logon" bkp:Location="DomainSysvol\GPO\User\Scripts\Logon"/></GroupPolicyExtension></GroupPolicyObject>
</GroupPolicyBackupScheme>