<BackupInst xmlns="http://www.microsoft.com/GroupPolicy/GPOOperations/Manifest"><GPOGuid><![CDATA[{c5ef7520-9062-43fe-b01c-988601afee4f}]]></GPOGuid><GPODomain><![CDATA[{DomainFQDN}]]></GPODomain><GPODomainGuid><![CDATA[{{DomainGUID}}]]></GPODomainGuid><GPODomainController><![CDATA[{DCName}.{DomainFQDN}]]></GPODomainController><BackupTime><![CDATA[2023-08-13T22:13:02]]></BackupTime><ID><![CDATA[{6729125A-5760-420F-8319-5A084F35B314}]]></ID><Comment><![CDATA[]]></Comment><GPODisplayName><![CDATA[LR-Azure Virtual Desktop - Host Settings]]></GPODisplayName></BackupInst>
