<BackupInst xmlns="http://www.microsoft.com/GroupPolicy/GPOOperations/Manifest"><GPOGuid><![CDATA[{5712cdec-8eec-4611-a741-90381a75bbcd}]]></GPOGuid><GPODomain><![CDATA[{DomainFQDN}]]></GPODomain><GPODomainGuid><![CDATA[{{DomainGUID}}]]></GPODomainGuid><GPODomainController><![CDATA[{DCName}.{DomainFQDN}]]></GPODomainController><BackupTime><![CDATA[2023-08-13T22:13:00]]></BackupTime><ID><![CDATA[{16AD8EA4-CF41-4A2D-BB3F-55572BB84F62}]]></ID><Comment><![CDATA[]]></Comment><GPODisplayName><![CDATA[Delta Domain Controller Policy]]></GPODisplayName></BackupInst>
