"DistinguishedName","Name","SID","RID","Type","IsBuiltin","DomainName","DomainFqdn","EntryType"
"CN=Administrators,CN=Builtin,{DomainDN}","Administrators","S-1-5-32-544","544","group","True","{DomainNetBIOS}","{DomainFQDN}","Unknown"
"CN=Users,CN=Builtin,{DomainDN}","Users","S-1-5-32-545","545","group","True","{DomainNetBIOS}","{DomainFQDN}",
"CN=Guests,CN=Builtin,{DomainDN}","Guests","S-1-5-32-546","546","group","True","{DomainNetBIOS}","{DomainFQDN}",
"CN=Account Operators,CN=Builtin,{DomainDN}","Account Operators","S-1-5-32-548","548","group","True","{DomainNetBIOS}","{DomainFQDN}",
"CN=Server Operators,CN=Builtin,{DomainDN}","Server Operators","S-1-5-32-549","549","group","True","{DomainNetBIOS}","{DomainFQDN}",
"CN=Print Operators,CN=Builtin,{DomainDN}","Print Operators","S-1-5-32-550","550","group","True","{DomainNetBIOS}","{DomainFQDN}",
"CN=Backup Operators,CN=Builtin,{DomainDN}","Backup Operators","S-1-5-32-551","551","group","True","{DomainNetBIOS}","{DomainFQDN}",
"CN=Replicator,CN=Builtin,{DomainDN}","Replicator","S-1-5-32-552","552","group","True","{DomainNetBIOS}","{DomainFQDN}",
"CN=Pre-Windows 2000 Compatible Access,CN=Builtin,{DomainDN}","Pre-Windows 2000 Compatible Access","S-1-5-32-554","554","group","True","{DomainNetBIOS}","{DomainFQDN}",
"CN=Remote Desktop Users,CN=Builtin,{DomainDN}","Remote Desktop Users","S-1-5-32-555","555","group","True","{DomainNetBIOS}","{DomainFQDN}",
"CN=Network Configuration Operators,CN=Builtin,{DomainDN}","Network Configuration Operators","S-1-5-32-556","556","group","True","{DomainNetBIOS}","{DomainFQDN}",
"CN=Incoming Forest Trust Builders,CN=Builtin,{DomainDN}","Incoming Forest Trust Builders","S-1-5-32-557","557","group","True","{DomainNetBIOS}","{DomainFQDN}",
"CN=Performance Monitor Users,CN=Builtin,{DomainDN}","Performance Monitor Users","S-1-5-32-558","558","group","True","{DomainNetBIOS}","{DomainFQDN}",
"CN=Performance Log Users,CN=Builtin,{DomainDN}","Performance Log Users","S-1-5-32-559","559","group","True","{DomainNetBIOS}","{DomainFQDN}",
"CN=Windows Authorization Access Group,CN=Builtin,{DomainDN}","Windows Authorization Access Group","S-1-5-32-560","560","group","True","{DomainNetBIOS}","{DomainFQDN}",
"CN=Terminal Server License Servers,CN=Builtin,{DomainDN}","Terminal Server License Servers","S-1-5-32-561","561","group","True","{DomainNetBIOS}","{DomainFQDN}",
"CN=Distributed COM Users,CN=Builtin,{DomainDN}","Distributed COM Users","S-1-5-32-562","562","group","True","{DomainNetBIOS}","{DomainFQDN}",
"CN=IIS_IUSRS,CN=Builtin,{DomainDN}","IIS_IUSRS","S-1-5-32-568","568","group","True","{DomainNetBIOS}","{DomainFQDN}",
"CN=Cryptographic Operators,CN=Builtin,{DomainDN}","Cryptographic Operators","S-1-5-32-569","569","group","True","{DomainNetBIOS}","{DomainFQDN}",
"CN=Event Log Readers,CN=Builtin,{DomainDN}","Event Log Readers","S-1-5-32-573","573","group","True","{DomainNetBIOS}","{DomainFQDN}",
"CN=Certificate Service DCOM Access,CN=Builtin,{DomainDN}","Certificate Service DCOM Access","S-1-5-32-574","574","group","True","{DomainNetBIOS}","{DomainFQDN}",
"CN=RDS Remote Access Servers,CN=Builtin,{DomainDN}","RDS Remote Access Servers","S-1-5-32-575","575","group","True","{DomainNetBIOS}","{DomainFQDN}",
"CN=RDS Endpoint Servers,CN=Builtin,{DomainDN}","RDS Endpoint Servers","S-1-5-32-576","576","group","True","{DomainNetBIOS}","{DomainFQDN}",
"CN=RDS Management Servers,CN=Builtin,{DomainDN}","RDS Management Servers","S-1-5-32-577","577","group","True","{DomainNetBIOS}","{DomainFQDN}",
"CN=Hyper-V Administrators,CN=Builtin,{DomainDN}","Hyper-V Administrators","S-1-5-32-578","578","group","True","{DomainNetBIOS}","{DomainFQDN}",
"CN=Access Control Assistance Operators,CN=Builtin,{DomainDN}","Access Control Assistance Operators","S-1-5-32-579","579","group","True","{DomainNetBIOS}","{DomainFQDN}",
"CN=Remote Management Users,CN=Builtin,{DomainDN}","Remote Management Users","S-1-5-32-580","580","group","True","{DomainNetBIOS}","{DomainFQDN}",
"CN=Storage Replica Administrators,CN=Builtin,{DomainDN}","Storage Replica Administrators","S-1-5-32-582","582","group","True","{DomainNetBIOS}","{DomainFQDN}",
"CN={DomainAdminUsername},CN=Users,{DomainDN}","{DomainAdminUsername}","{DomainSID}-500","500","user","True","{DomainNetBIOS}","{DomainFQDN}",
"CN=Guest,CN=Users,{DomainDN}","Guest","{DomainSID}-501","501","user","True","{DomainNetBIOS}","{DomainFQDN}",
"CN=krbtgt,CN=Users,{DomainDN}","krbtgt","{DomainSID}-502","502","user","True","{DomainNetBIOS}","{DomainFQDN}",
"CN=Domain Admins,CN=Users,{DomainDN}","Domain Admins","{DomainSID}-512","512","group","True","{DomainNetBIOS}","{DomainFQDN}","DomainGroup"
"CN=Domain Users,CN=Users,{DomainDN}","Domain Users","{DomainSID}-513","513","group","True","{DomainNetBIOS}","{DomainFQDN}",
"CN=Domain Guests,CN=Users,{DomainDN}","Domain Guests","{DomainSID}-514","514","group","True","{DomainNetBIOS}","{DomainFQDN}",
"CN=Domain Computers,CN=Users,{DomainDN}","Domain Computers","{DomainSID}-515","515","group","True","{DomainNetBIOS}","{DomainFQDN}",
"CN=Domain Controllers,CN=Users,{DomainDN}","Domain Controllers","{DomainSID}-516","516","group","True","{DomainNetBIOS}","{DomainFQDN}",
"CN=Cert Publishers,CN=Users,{DomainDN}","Cert Publishers","{DomainSID}-517","517","group","True","{DomainNetBIOS}","{DomainFQDN}",
"CN=Group Policy Creator Owners,CN=Users,{DomainDN}","Group Policy Creator Owners","{DomainSID}-520","520","group","True","{DomainNetBIOS}","{DomainFQDN}",
"CN=Read-only Domain Controllers,CN=Users,{DomainDN}","Read-only Domain Controllers","{DomainSID}-521","521","group","True","{DomainNetBIOS}","{DomainFQDN}",
"CN=Cloneable Domain Controllers,CN=Users,{DomainDN}","Cloneable Domain Controllers","{DomainSID}-522","522","group","True","{DomainNetBIOS}","{DomainFQDN}",
"CN=Protected Users,CN=Users,{DomainDN}","Protected Users","{DomainSID}-525","525","group","True","{DomainNetBIOS}","{DomainFQDN}",
"CN=Key Admins,CN=Users,{DomainDN}","Key Admins","{DomainSID}-526","526","group","True","{DomainNetBIOS}","{DomainFQDN}",
"CN=RAS and IAS Servers,CN=Users,{DomainDN}","RAS and IAS Servers","{DomainSID}-553","553","group","True","{DomainNetBIOS}","{DomainFQDN}",
"CN=Allowed RODC Password Replication Group,CN=Users,{DomainDN}","Allowed RODC Password Replication Group","{DomainSID}-571","571","group","True","{DomainNetBIOS}","{DomainFQDN}",
"CN=Denied RODC Password Replication Group,CN=Users,{DomainDN}","Denied RODC Password Replication Group","{DomainSID}-572","572","group","True","{DomainNetBIOS}","{DomainFQDN}",
"CN=Enterprise Read-only Domain Controllers,CN=Users,{DomainDN}","Enterprise Read-only Domain Controllers","{DomainSID}-498","498","group","True","{DomainNetBIOS}","{DomainFQDN}",
"CN=Schema Admins,CN=Users,{DomainDN}","Schema Admins","{DomainSID}-518","518","group","True","{DomainNetBIOS}","{DomainFQDN}",
"CN=Enterprise Admins,CN=Users,{DomainDN}","Enterprise Admins","{DomainSID}-519","519","group","True","{DomainNetBIOS}","{DomainFQDN}","UniversalGroup"
"CN=Enterprise Key Admins,CN=Users,{DomainDN}","Enterprise Key Admins","{DomainSID}-527","527","group","True","{DomainNetBIOS}","{DomainFQDN}",
