"GpoName","GpoPath","ActiveDirectoryRights","InheritanceType","ObjectType","InheritedObjectType","ObjectFlags","AccessControlType","IdentityReference","IsInherited","InheritanceFlags","PropagationFlags","SID","RID","IsBuiltIn","PrincipalType","DomainFqdn","DomainName"
"C-Azure Virtual Desktop - FSLogix Settings","cn={EB29EC05-B1C1-42BC-948C-1FAC0C27974B},cn=policies,cn=system,{DomainDN}","CreateChild, DeleteChild, Self, WriteProperty, DeleteTree, Delete, GenericRead, WriteDacl, WriteOwner","Descendents","00000000-0000-0000-0000-000000000000","00000000-0000-0000-0000-000000000000","None","Allow","CREATOR OWNER","False","ContainerInherit","InheritOnly","S-1-3-0","0","True","Local BuiltIn","{DomainFQDN}","{DomainNetBIOS}"
"C-Azure Virtual Desktop - FSLogix Settings","cn={EB29EC05-B1C1-42BC-948C-1FAC0C27974B},cn=policies,cn=system,{DomainDN}","GenericRead","All","00000000-0000-0000-0000-000000000000","00000000-0000-0000-0000-000000000000","None","Allow","NT AUTHORITY\ENTERPRISE DOMAIN CONTROLLERS","False","ContainerInherit","None","S-1-5-9","9","True","foreignSecurityPrincipal","{DomainFQDN}","{DomainNetBIOS}"
"C-Azure Virtual Desktop - FSLogix Settings","cn={EB29EC05-B1C1-42BC-948C-1FAC0C27974B},cn=policies,cn=system,{DomainDN}","GenericRead","All","00000000-0000-0000-0000-000000000000","00000000-0000-0000-0000-000000000000","None","Allow","NT AUTHORITY\Authenticated Users","False","ContainerInherit","None","S-1-5-11","11","True","foreignSecurityPrincipal","{DomainFQDN}","{DomainNetBIOS}"
"C-Azure Virtual Desktop - FSLogix Settings","cn={EB29EC05-B1C1-42BC-948C-1FAC0C27974B},cn=policies,cn=system,{DomainDN}","CreateChild, DeleteChild, Self, WriteProperty, DeleteTree, Delete, GenericRead, WriteDacl, WriteOwner","All","00000000-0000-0000-0000-000000000000","00000000-0000-0000-0000-000000000000","None","Allow","NT AUTHORITY\SYSTEM","False","ContainerInherit","None","S-1-5-18","18","True","Local BuiltIn","{DomainFQDN}","{DomainNetBIOS}"
"C-Azure Virtual Desktop - FSLogix Settings","cn={EB29EC05-B1C1-42BC-948C-1FAC0C27974B},cn=policies,cn=system,{DomainDN}","CreateChild, DeleteChild, Self, WriteProperty, DeleteTree, Delete, GenericRead, WriteDacl, WriteOwner","All","00000000-0000-0000-0000-000000000000","00000000-0000-0000-0000-000000000000","None","Allow","{DomainNetBIOS}\Domain Admins","False","ContainerInherit","None","{DomainSID}-512","512","True","group","{DomainFQDN}","{DomainNetBIOS}"
"C-Azure Virtual Desktop - FSLogix Settings","cn={EB29EC05-B1C1-42BC-948C-1FAC0C27974B},cn=policies,cn=system,{DomainDN}","CreateChild, DeleteChild, Self, WriteProperty, DeleteTree, Delete, GenericRead, WriteDacl, WriteOwner","All","00000000-0000-0000-0000-000000000000","00000000-0000-0000-0000-000000000000","None","Allow","{DomainNetBIOS}\Enterprise Admins","False","ContainerInherit","None","{DomainSID}-519","519","True","group","{DomainFQDN}","{DomainNetBIOS}"
"C-Azure Virtual Desktop - FSLogix Settings","cn={EB29EC05-B1C1-42BC-948C-1FAC0C27974B},cn=policies,cn=system,{DomainDN}","ExtendedRight","All","edacfd8f-ffb3-11d1-b41d-00a0c968f939","00000000-0000-0000-0000-000000000000","ObjectAceTypePresent","Allow","NT AUTHORITY\Authenticated Users","False","ContainerInherit","None","S-1-5-11","11","True","foreignSecurityPrincipal","{DomainFQDN}","{DomainNetBIOS}"
