﻿<?xml version="1.0" encoding="utf-8"?>
<helpItems schema="maml" xmlns="http://msh">
  <command:command xmlns:maml="http://schemas.microsoft.com/maml/2004/10" xmlns:command="http://schemas.microsoft.com/maml/dev/command/2004/10" xmlns:dev="http://schemas.microsoft.com/maml/dev/2004/10" xmlns:MSHelp="http://msdn.microsoft.com/mshelp">
    <command:details>
      <command:name>Get-ConnectionInformation</command:name>
      <command:verb>Get</command:verb>
      <command:noun>ConnectionInformation</command:noun>
      <maml:description>
        <maml:para>This cmdlet is available only in the Exchange Online PowerShell module v2.0.6-Preview7 or later. For more information, see About the Exchange Online PowerShell module (https://aka.ms/exov3-module).</maml:para>
        <maml:para>Use the Get-ConnectionInformation cmdlet to get information about all REST-based connections in the current PowerShell instance with Exchange Online.</maml:para>
        <maml:para>For information about the parameter sets in the Syntax section below, see Exchange cmdlet syntax (https://docs.microsoft.com/powershell/exchange/exchange-cmdlet-syntax).</maml:para>
      </maml:description>
    </command:details>
    <maml:description>
      <maml:para>The Get-ConnectionInformation cmdlet returns the information about all active REST-based connections with Exchange Online in the current PowerShell instance. This cmdlet is equivalent to the Get-PSSession cmdlet that's used with remote PowerShell sessions.</maml:para>
    </maml:description>
    <command:syntax>
      <command:syntaxItem>
        <maml:name>Get-ConnectionInformation</maml:name>
      </command:syntaxItem>
    </command:syntax>
    <command:parameters />
    <command:inputTypes />
    <command:returnValues />
    <maml:alertSet>
      <maml:alert>
        <maml:para></maml:para>
      </maml:alert>
    </maml:alertSet>
    <command:examples>
      <command:example>
        <maml:title>-------------------------- Example 1 --------------------------</maml:title>
        <dev:code>Get-ConnectionInformation</dev:code>
        <dev:remarks>
          <maml:para>This example returns a list of all active REST-based connections with Exchange Online in the current PowerShell instance.</maml:para>
        </dev:remarks>
      </command:example>
    </command:examples>
    <command:relatedLinks>
      <maml:navigationLink>
        <maml:linkText>Online Version:</maml:linkText>
        <maml:uri>https://docs.microsoft.com/powershell/module/exchange/get-connectioninformation</maml:uri>
      </maml:navigationLink>
    </command:relatedLinks>
  </command:command>
</helpItems>