<BackupInst xmlns="http://www.microsoft.com/GroupPolicy/GPOOperations/Manifest"><GPOGuid><![CDATA[{9F2FE3CD-7E43-4388-8A93-D3BEB83B96F0}]]></GPOGuid><GPODomain><![CDATA[frs02001.localdns.nl]]></GPODomain><GPODomainGuid><![CDATA[{24bd9856-374d-46dc-be87-71adc043eda9}]]></GPODomainGuid><GPODomainController><![CDATA[s02001a01a0a001.frs02001.localdns.nl]]></GPODomainController><BackupTime><![CDATA[2024-04-18T09:15:31]]></BackupTime><ID><![CDATA[{4D787964-1585-469B-9F49-34B3FD440260}]]></ID><Comment><![CDATA[]]></Comment><GPODisplayName><![CDATA[02001a00-c-p-A01ParentComputerv1.0]]></GPODisplayName></BackupInst>
