<?xml version="1.0" encoding="utf-8"?><!-- Copyright (c) Microsoft Corporation.  All rights reserved. --><GroupPolicyBackupScheme bkp:version="2.0" bkp:type="GroupPolicyBackupTemplate" xmlns:bkp="http://www.microsoft.com/GroupPolicy/GPOOperations" xmlns="http://www.microsoft.com/GroupPolicy/GPOOperations">
    <GroupPolicyObject><SecurityGroups><Group bkp:Source="FromDACL"><Sid><![CDATA[S-1-5-21-1647505280-3786546420-1012675901-519]]></Sid><SamAccountName><![CDATA[Enterprise Admins]]></SamAccountName><Type><![CDATA[UniversalGroup]]></Type><NetBIOSDomainName><![CDATA[FRS02001]]></NetBIOSDomainName><DnsDomainName><![CDATA[frs02001.localdns.nl]]></DnsDomainName><UPN><![CDATA[Enterprise Admins@frs02001.localdns.nl]]></UPN></Group><Group bkp:Source="FromDACL"><Sid><![CDATA[S-1-5-21-1647505280-3786546420-1012675901-512]]></Sid><SamAccountName><![CDATA[Domain Admins]]></SamAccountName><Type><![CDATA[GlobalGroup]]></Type><NetBIOSDomainName><![CDATA[FRS02001]]></NetBIOSDomainName><DnsDomainName><![CDATA[frs02001.localdns.nl]]></DnsDomainName><UPN><![CDATA[Domain Admins@frs02001.localdns.nl]]></UPN></Group></SecurityGroups><FilePaths/><GroupPolicyCoreSettings><ID><![CDATA[{2CB7CEBE-24FE-4FC6-A3A0-E6BFE80F5F14}]]></ID><Domain><![CDATA[frs02001.localdns.nl]]></Domain><SecurityDescriptor>01 00 04 9c 00 00 00 00 00 00 00 00 00 00 00 00 14 00 00 00 04 00 c8 00 07 00 00 00 05 02 28 00 00 01 00 00 01 00 00 00 8f fd ac ed b3 ff d1 11 b4 1d 00 a0 c9 68 f9 39 01 01 00 00 00 00 00 05 0b 00 00 00 00 02 24 00 37 00 0f 00 01 05 00 00 00 00 00 05 15 00 00 00 80 ef 32 62 f4 1c b2 e1 3d 35 5c 3c 00 02 00 00 00 02 24 00 37 00 0f 00 01 05 00 00 00 00 00 05 15 00 00 00 80 ef 32 62 f4 1c b2 e1 3d 35 5c 3c 07 02 00 00 00 02 14 00 14 00 02 00 01 01 00 00 00 00 00 05 09 00 00 00 00 02 14 00 14 00 02 00 01 01 00 00 00 00 00 05 0b 00 00 00 00 02 14 00 37 00 0f 00 01 01 00 00 00 00 00 05 12 00 00 00 00 0a 14 00 ff 00 0f 00 01 01 00 00 00 00 00 03 00 00 00 00</SecurityDescriptor><DisplayName><![CDATA[02001a09-C-P-PKI-ComputerV1.1]]></DisplayName><Options><![CDATA[0]]></Options><UserVersionNumber><![CDATA[65537]]></UserVersionNumber><MachineVersionNumber><![CDATA[65537]]></MachineVersionNumber><MachineExtensionGuids><![CDATA[[{35378EAC-683F-11D2-A89A-00C04FBBCFA2}{53D6AB1D-2488-11D1-A28C-00C04FB94F17}][{B1BE8D72-6EAC-11D2-A4EA-00C04F79F83A}{53D6AB1D-2488-11D1-A28C-00C04FB94F17}]]]></MachineExtensionGuids><UserExtensionGuids/><WMIFilter/></GroupPolicyCoreSettings> 
        <GroupPolicyExtension bkp:ID="{35378EAC-683F-11D2-A89A-00C04FBBCFA2}" bkp:DescName="Registry">
            <FSObjectFile bkp:Path="%GPO_MACH_FSPATH%\registry.pol" bkp:SourceExpandedPath="\\s02001a01a0a001.frs02001.localdns.nl\sysvol\frs02001.localdns.nl\Policies\{2CB7CEBE-24FE-4FC6-A3A0-E6BFE80F5F14}\Machine\registry.pol" bkp:Location="DomainSysvol\GPO\Machine\registry.pol"/>
            
            <FSObjectFile bkp:Path="%GPO_FSPATH%\Adm\*.*" bkp:SourceExpandedPath="\\s02001a01a0a001.frs02001.localdns.nl\sysvol\frs02001.localdns.nl\Policies\{2CB7CEBE-24FE-4FC6-A3A0-E6BFE80F5F14}\Adm\*.*"/>
        </GroupPolicyExtension>
        
        
        
        
        
        
        
        
        
    <GroupPolicyExtension bkp:ID="{F15C46CD-82A0-4C2D-A210-5D0D3182A418}" bkp:DescName="Unknown Extension"><FSObjectFile bkp:Path="%GPO_FSPATH%\GPO.cmt" bkp:SourceExpandedPath="\\s02001a01a0a001.frs02001.localdns.nl\sysvol\frs02001.localdns.nl\Policies\{2CB7CEBE-24FE-4FC6-A3A0-E6BFE80F5F14}\GPO.cmt" bkp:Location="DomainSysvol\GPO\GPO.cmt"/><FSObjectDir bkp:Path="%GPO_MACH_FSPATH%\Microsoft" bkp:SourceExpandedPath="\\s02001a01a0a001.frs02001.localdns.nl\sysvol\frs02001.localdns.nl\Policies\{2CB7CEBE-24FE-4FC6-A3A0-E6BFE80F5F14}\Machine\Microsoft" bkp:Location="DomainSysvol\GPO\Machine\Microsoft"/><FSObjectDir bkp:Path="%GPO_MACH_FSPATH%\Microsoft\Windows NT" bkp:SourceExpandedPath="\\s02001a01a0a001.frs02001.localdns.nl\sysvol\frs02001.localdns.nl\Policies\{2CB7CEBE-24FE-4FC6-A3A0-E6BFE80F5F14}\Machine\Microsoft\Windows NT" bkp:Location="DomainSysvol\GPO\Machine\Microsoft\Windows NT"/><FSObjectDir bkp:Path="%GPO_MACH_FSPATH%\Microsoft\Windows NT\SecEdit" bkp:SourceExpandedPath="\\s02001a01a0a001.frs02001.localdns.nl\sysvol\frs02001.localdns.nl\Policies\{2CB7CEBE-24FE-4FC6-A3A0-E6BFE80F5F14}\Machine\Microsoft\Windows NT\SecEdit" bkp:Location="DomainSysvol\GPO\Machine\Microsoft\Windows NT\SecEdit"/><FSObjectFile bkp:Path="%GPO_MACH_FSPATH%\Microsoft\Windows NT\SecEdit\GptTmpl.inf" bkp:SourceExpandedPath="\\s02001a01a0a001.frs02001.localdns.nl\sysvol\frs02001.localdns.nl\Policies\{2CB7CEBE-24FE-4FC6-A3A0-E6BFE80F5F14}\Machine\Microsoft\Windows NT\SecEdit\GptTmpl.inf" bkp:Location="DomainSysvol\GPO\Machine\Microsoft\Windows NT\SecEdit\GptTmpl.inf"/><FSObjectDir bkp:Path="%GPO_MACH_FSPATH%\Scripts" bkp:SourceExpandedPath="\\s02001a01a0a001.frs02001.localdns.nl\sysvol\frs02001.localdns.nl\Policies\{2CB7CEBE-24FE-4FC6-A3A0-E6BFE80F5F14}\Machine\Scripts" bkp:Location="DomainSysvol\GPO\Machine\Scripts"/><FSObjectDir bkp:Path="%GPO_MACH_FSPATH%\Scripts\Shutdown" bkp:SourceExpandedPath="\\s02001a01a0a001.frs02001.localdns.nl\sysvol\frs02001.localdns.nl\Policies\{2CB7CEBE-24FE-4FC6-A3A0-E6BFE80F5F14}\Machine\Scripts\Shutdown" bkp:Location="DomainSysvol\GPO\Machine\Scripts\Shutdown"/><FSObjectDir bkp:Path="%GPO_MACH_FSPATH%\Scripts\Startup" bkp:SourceExpandedPath="\\s02001a01a0a001.frs02001.localdns.nl\sysvol\frs02001.localdns.nl\Policies\{2CB7CEBE-24FE-4FC6-A3A0-E6BFE80F5F14}\Machine\Scripts\Startup" bkp:Location="DomainSysvol\GPO\Machine\Scripts\Startup"/></GroupPolicyExtension></GroupPolicyObject>
</GroupPolicyBackupScheme>