<BackupInst xmlns="http://www.microsoft.com/GroupPolicy/GPOOperations/Manifest"><GPOGuid><![CDATA[{2CB7CEBE-24FE-4FC6-A3A0-E6BFE80F5F14}]]></GPOGuid><GPODomain><![CDATA[frs02001.localdns.nl]]></GPODomain><GPODomainGuid><![CDATA[{24bd9856-374d-46dc-be87-71adc043eda9}]]></GPODomainGuid><GPODomainController><![CDATA[s02001a01a0a001.frs02001.localdns.nl]]></GPODomainController><BackupTime><![CDATA[2024-04-18T09:10:32]]></BackupTime><ID><![CDATA[{D7D71561-0588-4973-9B32-FDAB362F084B}]]></ID><Comment><![CDATA[]]></Comment><GPODisplayName><![CDATA[02001a09-C-P-PKI-ComputerV1.1]]></GPODisplayName></BackupInst>
