<?xml version="1.0" encoding="utf-8"?><!-- Copyright (c) Microsoft Corporation.  All rights reserved. --><GroupPolicyBackupScheme bkp:version="2.0" bkp:type="GroupPolicyBackupTemplate" xmlns:bkp="http://www.microsoft.com/GroupPolicy/GPOOperations" xmlns="http://www.microsoft.com/GroupPolicy/GPOOperations">
    <GroupPolicyObject><SecurityGroups><Group><Sid/><SamAccountName><![CDATA[LOCAL SERVICE]]></SamAccountName><Type><![CDATA[Unknown]]></Type><NetBIOSDomainName/><DnsDomainName/><UPN/></Group><Group><Sid/><SamAccountName><![CDATA[Administrators]]></SamAccountName><Type><![CDATA[Unknown]]></Type><NetBIOSDomainName/><DnsDomainName/><UPN/></Group><Group><Sid/><SamAccountName><![CDATA[NETWORK SERVICE]]></SamAccountName><Type><![CDATA[Unknown]]></Type><NetBIOSDomainName/><DnsDomainName/><UPN/></Group><Group><Sid/><SamAccountName><![CDATA[Guests]]></SamAccountName><Type><![CDATA[Unknown]]></Type><NetBIOSDomainName/><DnsDomainName/><UPN/></Group><Group><Sid/><SamAccountName><![CDATA[Remote Desktop Users]]></SamAccountName><Type><![CDATA[Unknown]]></Type><NetBIOSDomainName/><DnsDomainName/><UPN/></Group><Group><Sid/><SamAccountName><![CDATA[Local account]]></SamAccountName><Type><![CDATA[Unknown]]></Type><NetBIOSDomainName/><DnsDomainName/><UPN/></Group><Group><Sid/><SamAccountName><![CDATA[SERVICE]]></SamAccountName><Type><![CDATA[Unknown]]></Type><NetBIOSDomainName/><DnsDomainName/><UPN/></Group><Group><Sid/><SamAccountName><![CDATA[Local account and member of Administrators group]]></SamAccountName><Type><![CDATA[Unknown]]></Type><NetBIOSDomainName/><DnsDomainName/><UPN/></Group><Group><Sid/><SamAccountName><![CDATA[Authenticated Users]]></SamAccountName><Type><![CDATA[Unknown]]></Type><NetBIOSDomainName/><DnsDomainName/><UPN/></Group><Group bkp:Source="FromDACL"><Sid><![CDATA[S-1-5-21-1647505280-3786546420-1012675901-519]]></Sid><SamAccountName><![CDATA[Enterprise Admins]]></SamAccountName><Type><![CDATA[UniversalGroup]]></Type><NetBIOSDomainName><![CDATA[FRS02001]]></NetBIOSDomainName><DnsDomainName><![CDATA[frs02001.localdns.nl]]></DnsDomainName><UPN><![CDATA[Enterprise Admins@frs02001.localdns.nl]]></UPN></Group><Group bkp:Source="FromDACL"><Sid><![CDATA[S-1-5-21-1647505280-3786546420-1012675901-512]]></Sid><SamAccountName><![CDATA[Domain Admins]]></SamAccountName><Type><![CDATA[GlobalGroup]]></Type><NetBIOSDomainName><![CDATA[FRS02001]]></NetBIOSDomainName><DnsDomainName><![CDATA[frs02001.localdns.nl]]></DnsDomainName><UPN><![CDATA[Domain Admins@frs02001.localdns.nl]]></UPN></Group></SecurityGroups><FilePaths/><GroupPolicyCoreSettings><ID><![CDATA[{21D1A361-8791-4484-A023-BA3E8A9ED0B6}]]></ID><Domain><![CDATA[frs02001.localdns.nl]]></Domain><SecurityDescriptor>01 00 04 9c 00 00 00 00 00 00 00 00 00 00 00 00 14 00 00 00 04 00 c8 00 07 00 00 00 05 02 28 00 00 01 00 00 01 00 00 00 8f fd ac ed b3 ff d1 11 b4 1d 00 a0 c9 68 f9 39 01 01 00 00 00 00 00 05 0b 00 00 00 00 02 24 00 37 00 0f 00 01 05 00 00 00 00 00 05 15 00 00 00 80 ef 32 62 f4 1c b2 e1 3d 35 5c 3c 00 02 00 00 00 02 24 00 37 00 0f 00 01 05 00 00 00 00 00 05 15 00 00 00 80 ef 32 62 f4 1c b2 e1 3d 35 5c 3c 07 02 00 00 00 02 14 00 14 00 02 00 01 01 00 00 00 00 00 05 09 00 00 00 00 02 14 00 14 00 02 00 01 01 00 00 00 00 00 05 0b 00 00 00 00 02 14 00 37 00 0f 00 01 01 00 00 00 00 00 05 12 00 00 00 00 0a 14 00 ff 00 0f 00 01 01 00 00 00 00 00 03 00 00 00 00</SecurityDescriptor><DisplayName><![CDATA[02001a09-C-P-W2022SecurityBaselineComputerV1.2]]></DisplayName><Options><![CDATA[1]]></Options><UserVersionNumber><![CDATA[65537]]></UserVersionNumber><MachineVersionNumber><![CDATA[327685]]></MachineVersionNumber><MachineExtensionGuids><![CDATA[[{2A8FDC61-2347-4C87-92F6-B05EB91A201A}{D02B1F72-3407-48AE-BA88-E8213C6761F1}][{35378EAC-683F-11D2-A89A-00C04FBBCFA2}{0F6B957D-509E-11D1-A7CC-0000F87571E3}{B05566AC-FE9C-4368-BE01-7A4CBB6CBA11}{D02B1F72-3407-48AE-BA88-E8213C6761F1}][{7933F41E-56F8-41D6-A31C-4148A711EE93}{D02B1F72-3407-48AE-BA88-E8213C6761F1}][{827D319E-6EAC-11D2-A4EA-00C04F79F83A}{803E14A0-B4FB-11D0-A0D0-00A0C90F574B}][{D76B9641-3288-4F75-942D-087DE603E3EA}{D02B1F72-3407-48AE-BA88-E8213C6761F1}][{F312195E-3D9D-447A-A3F5-08DFFA24735E}{D02B1F72-3407-48AE-BA88-E8213C6761F1}][{F3CCC681-B74C-4060-9F26-CD84525DCA2A}{0F3F3735-573D-9804-99E4-AB2A69BA5FD4}{803E14A0-B4FB-11D0-A0D0-00A0C90F574B}]]]></MachineExtensionGuids><UserExtensionGuids/><WMIFilter/></GroupPolicyCoreSettings> 
        <GroupPolicyExtension bkp:ID="{35378EAC-683F-11D2-A89A-00C04FBBCFA2}" bkp:DescName="Registry">
            <FSObjectFile bkp:Path="%GPO_MACH_FSPATH%\registry.pol" bkp:SourceExpandedPath="\\s02001a01a0a001.frs02001.localdns.nl\sysvol\frs02001.localdns.nl\Policies\{21D1A361-8791-4484-A023-BA3E8A9ED0B6}\Machine\registry.pol" bkp:Location="DomainSysvol\GPO\Machine\registry.pol"/>
            <FSObjectFile bkp:Path="%GPO_USER_FSPATH%\registry.pol" bkp:SourceExpandedPath="\\s02001a01a0a001.frs02001.localdns.nl\sysvol\frs02001.localdns.nl\Policies\{21D1A361-8791-4484-A023-BA3E8A9ED0B6}\User\registry.pol" bkp:Location="DomainSysvol\GPO\User\registry.pol"/>
            <FSObjectFile bkp:Path="%GPO_FSPATH%\Adm\*.*" bkp:SourceExpandedPath="\\s02001a01a0a001.frs02001.localdns.nl\sysvol\frs02001.localdns.nl\Policies\{21D1A361-8791-4484-A023-BA3E8A9ED0B6}\Adm\*.*"/>
        </GroupPolicyExtension>
        
        
        
        
        <GroupPolicyExtension bkp:ID="{827D319E-6EAC-11D2-A4EA-00C04F79F83A}" bkp:DescName="Security">
            <FSObjectFile bkp:Path="%GPO_MACH_FSPATH%\microsoft\windows nt\SecEdit\GptTmpl.inf" bkp:SourceExpandedPath="\\s02001a01a0a001.frs02001.localdns.nl\sysvol\frs02001.localdns.nl\Policies\{21D1A361-8791-4484-A023-BA3E8A9ED0B6}\Machine\microsoft\windows nt\SecEdit\GptTmpl.inf" bkp:ReEvaluateFunction="SecurityValidateSettings" bkp:Location="DomainSysvol\GPO\Machine\microsoft\windows nt\SecEdit\GptTmpl.inf"/>
        </GroupPolicyExtension>
        
        
        
        
    <GroupPolicyExtension bkp:ID="{F15C46CD-82A0-4C2D-A210-5D0D3182A418}" bkp:DescName="Unknown Extension"><FSObjectFile bkp:Path="%GPO_FSPATH%\GPO.cmt" bkp:SourceExpandedPath="\\s02001a01a0a001.frs02001.localdns.nl\sysvol\frs02001.localdns.nl\Policies\{21D1A361-8791-4484-A023-BA3E8A9ED0B6}\GPO.cmt" bkp:Location="DomainSysvol\GPO\GPO.cmt"/><FSObjectDir bkp:Path="%GPO_MACH_FSPATH%\Applications" bkp:SourceExpandedPath="\\s02001a01a0a001.frs02001.localdns.nl\sysvol\frs02001.localdns.nl\Policies\{21D1A361-8791-4484-A023-BA3E8A9ED0B6}\Machine\Applications" bkp:Location="DomainSysvol\GPO\Machine\Applications"/><FSObjectFile bkp:Path="%GPO_MACH_FSPATH%\comment.cmtx" bkp:SourceExpandedPath="\\s02001a01a0a001.frs02001.localdns.nl\sysvol\frs02001.localdns.nl\Policies\{21D1A361-8791-4484-A023-BA3E8A9ED0B6}\Machine\comment.cmtx" bkp:Location="DomainSysvol\GPO\Machine\comment.cmtx"/><FSObjectDir bkp:Path="%GPO_MACH_FSPATH%\microsoft" bkp:SourceExpandedPath="\\s02001a01a0a001.frs02001.localdns.nl\sysvol\frs02001.localdns.nl\Policies\{21D1A361-8791-4484-A023-BA3E8A9ED0B6}\Machine\microsoft" bkp:Location="DomainSysvol\GPO\Machine\microsoft"/><FSObjectDir bkp:Path="%GPO_MACH_FSPATH%\microsoft\windows nt" bkp:SourceExpandedPath="\\s02001a01a0a001.frs02001.localdns.nl\sysvol\frs02001.localdns.nl\Policies\{21D1A361-8791-4484-A023-BA3E8A9ED0B6}\Machine\microsoft\windows nt" bkp:Location="DomainSysvol\GPO\Machine\microsoft\windows nt"/><FSObjectDir bkp:Path="%GPO_MACH_FSPATH%\microsoft\windows nt\Audit" bkp:SourceExpandedPath="\\s02001a01a0a001.frs02001.localdns.nl\sysvol\frs02001.localdns.nl\Policies\{21D1A361-8791-4484-A023-BA3E8A9ED0B6}\Machine\microsoft\windows nt\Audit" bkp:Location="DomainSysvol\GPO\Machine\microsoft\windows nt\Audit"/><FSObjectFile bkp:Path="%GPO_MACH_FSPATH%\microsoft\windows nt\Audit\audit.csv" bkp:SourceExpandedPath="\\s02001a01a0a001.frs02001.localdns.nl\sysvol\frs02001.localdns.nl\Policies\{21D1A361-8791-4484-A023-BA3E8A9ED0B6}\Machine\microsoft\windows nt\Audit\audit.csv" bkp:Location="DomainSysvol\GPO\Machine\microsoft\windows nt\Audit\audit.csv"/><FSObjectDir bkp:Path="%GPO_MACH_FSPATH%\microsoft\windows nt\SecEdit" bkp:SourceExpandedPath="\\s02001a01a0a001.frs02001.localdns.nl\sysvol\frs02001.localdns.nl\Policies\{21D1A361-8791-4484-A023-BA3E8A9ED0B6}\Machine\microsoft\windows nt\SecEdit" bkp:Location="DomainSysvol\GPO\Machine\microsoft\windows nt\SecEdit"/><FSObjectDir bkp:Path="%GPO_MACH_FSPATH%\Preferences" bkp:SourceExpandedPath="\\s02001a01a0a001.frs02001.localdns.nl\sysvol\frs02001.localdns.nl\Policies\{21D1A361-8791-4484-A023-BA3E8A9ED0B6}\Machine\Preferences" bkp:Location="DomainSysvol\GPO\Machine\Preferences"/><FSObjectDir bkp:Path="%GPO_MACH_FSPATH%\Preferences\Registry" bkp:SourceExpandedPath="\\s02001a01a0a001.frs02001.localdns.nl\sysvol\frs02001.localdns.nl\Policies\{21D1A361-8791-4484-A023-BA3E8A9ED0B6}\Machine\Preferences\Registry" bkp:Location="DomainSysvol\GPO\Machine\Preferences\Registry"/><FSObjectDir bkp:Path="%GPO_MACH_FSPATH%\Scripts" bkp:SourceExpandedPath="\\s02001a01a0a001.frs02001.localdns.nl\sysvol\frs02001.localdns.nl\Policies\{21D1A361-8791-4484-A023-BA3E8A9ED0B6}\Machine\Scripts" bkp:Location="DomainSysvol\GPO\Machine\Scripts"/><FSObjectDir bkp:Path="%GPO_MACH_FSPATH%\Scripts\Shutdown" bkp:SourceExpandedPath="\\s02001a01a0a001.frs02001.localdns.nl\sysvol\frs02001.localdns.nl\Policies\{21D1A361-8791-4484-A023-BA3E8A9ED0B6}\Machine\Scripts\Shutdown" bkp:Location="DomainSysvol\GPO\Machine\Scripts\Shutdown"/><FSObjectDir bkp:Path="%GPO_MACH_FSPATH%\Scripts\Startup" bkp:SourceExpandedPath="\\s02001a01a0a001.frs02001.localdns.nl\sysvol\frs02001.localdns.nl\Policies\{21D1A361-8791-4484-A023-BA3E8A9ED0B6}\Machine\Scripts\Startup" bkp:Location="DomainSysvol\GPO\Machine\Scripts\Startup"/><FSObjectFile bkp:Path="%GPO_USER_FSPATH%\comment.cmtx" bkp:SourceExpandedPath="\\s02001a01a0a001.frs02001.localdns.nl\sysvol\frs02001.localdns.nl\Policies\{21D1A361-8791-4484-A023-BA3E8A9ED0B6}\User\comment.cmtx" bkp:Location="DomainSysvol\GPO\User\comment.cmtx"/></GroupPolicyExtension></GroupPolicyObject>
</GroupPolicyBackupScheme>