<BackupInst xmlns="http://www.microsoft.com/GroupPolicy/GPOOperations/Manifest"><GPOGuid><![CDATA[{21D1A361-8791-4484-A023-BA3E8A9ED0B6}]]></GPOGuid><GPODomain><![CDATA[frs02001.localdns.nl]]></GPODomain><GPODomainGuid><![CDATA[{24bd9856-374d-46dc-be87-71adc043eda9}]]></GPODomainGuid><GPODomainController><![CDATA[s02001a01a0a001.frs02001.localdns.nl]]></GPODomainController><BackupTime><![CDATA[2024-04-18T09:09:55]]></BackupTime><ID><![CDATA[{6865E76B-2E53-4C28-BC20-A99E760A7555}]]></ID><Comment><![CDATA[]]></Comment><GPODisplayName><![CDATA[02001a09-C-P-W2022SecurityBaselineComputerV1.2]]></GPODisplayName></BackupInst>
