<?xml version="1.0" encoding="utf-8"?>
<RegistrySettings clsid="{A3CCFC41-DFDB-43a5-8D26-0FE8B954DA51}"><Registry clsid="{9CD4B2F4-923D-47f5-A062-E897DD1DAD50}" name="Enabled" status="Enabled" image="12" changed="2023-12-18 11:00:55" uid="{1CC9E786-0CAA-45E6-BA89-9D6874D78380}"><Properties action="U" displayDecimal="0" default="0" hive="HKEY_LOCAL_MACHINE" key="SYSTEM\CurrentControlSet\Control\SecurityProviders\SCHANNEL\Protocols\TLS 1.2\Client" name="Enabled" type="REG_DWORD" value="00000001"/></Registry>
	<Registry clsid="{9CD4B2F4-923D-47f5-A062-E897DD1DAD50}" name="Enabled" status="Enabled" image="12" changed="2023-12-18 11:02:03" uid="{BBC95707-A566-4560-A945-DC998FF4DFB8}"><Properties action="U" displayDecimal="0" default="0" hive="HKEY_LOCAL_MACHINE" key="SYSTEM\CurrentControlSet\Control\SecurityProviders\SCHANNEL\Protocols\TLS 1.2\Server" name="Enabled" type="REG_DWORD" value="00000001"/></Registry>
	<Registry clsid="{9CD4B2F4-923D-47f5-A062-E897DD1DAD50}" name="SchUseStrongCrypto" status="SchUseStrongCrypto" image="12" changed="2023-12-18 11:02:30" uid="{03192CEA-877A-4DF2-88C6-2DC1D8FD2D92}"><Properties action="U" displayDecimal="0" default="0" hive="HKEY_LOCAL_MACHINE" key="SOFTWARE\Microsoft\.NETFramework\v4.0.30319" name="SchUseStrongCrypto" type="REG_DWORD" value="00000001"/></Registry>
</RegistrySettings>
