<BackupInst xmlns="http://www.microsoft.com/GroupPolicy/GPOOperations/Manifest"><GPOGuid><![CDATA[{E49AFA86-DC24-465E-A5AB-C46012328F40}]]></GPOGuid><GPODomain><![CDATA[{DomainFQDN}]]></GPODomain><GPODomainGuid><![CDATA[{{DomainGUID}}]]></GPODomainGuid><GPODomainController><![CDATA[{DCName}.{DomainFQDN}]]></GPODomainController><BackupTime><![CDATA[2023-08-14T00:35:37]]></BackupTime><ID><![CDATA[{E59AF725-B4B5-4AF2-88F9-90D82D350B88}]]></ID><Comment><![CDATA[Scripted backup created by {DomainNetBIOS}\{DomainAdminUsername} on 8/14/2023]]></Comment><GPODisplayName><![CDATA[Delta Domain Policy]]></GPODisplayName></BackupInst>
