﻿<?xml version="1.0" encoding="utf-8"?>
<RegistrySettings clsid="{A3CCFC41-DFDB-43a5-8D26-0FE8B954DA51}">
  <Registry clsid="{9CD4B2F4-923D-47f5-A062-E897DD1DAD50}" name="Enabled" status="Enabled" image="2" changed="2022-12-30 1:01:48" uid="{1AA8BD61-774F-45E2-8E63-659D67F6BF02}" disabled="0">
    <Properties action="U" displayDecimal="0" default="0" hive="HKEY_LOCAL_MACHINE" key="SYSTEM\CurrentControlSet\Control\SecurityProviders\SCHANNEL\Ciphers\NULL" name="Enabled" type="REG_DWORD" value="00000000" />
  </Registry>
  <Registry clsid="{9CD4B2F4-923D-47f5-A062-E897DD1DAD50}" name="Enabled" status="Enabled" image="2" changed="2022-12-30 1:01:48" uid="{35323DD8-09BA-4245-A3D4-FAC5E6F36A70}" disabled="0">
    <Properties action="U" displayDecimal="0" default="0" hive="HKEY_LOCAL_MACHINE" key="SYSTEM\CurrentControlSet\Control\SecurityProviders\SCHANNEL\Ciphers\AES 128/128" name="Enabled" type="REG_DWORD" value="FFFFFFFF" />
  </Registry>
  <Registry clsid="{9CD4B2F4-923D-47f5-A062-E897DD1DAD50}" name="Enabled" status="Enabled" image="2" changed="2022-12-30 1:01:48" uid="{DB5EAEE9-23C6-4B13-8A59-633FBADABD79}" disabled="0">
    <Properties action="U" displayDecimal="0" default="0" hive="HKEY_LOCAL_MACHINE" key="SYSTEM\CurrentControlSet\Control\SecurityProviders\SCHANNEL\Ciphers\AES 256/256" name="Enabled" type="REG_DWORD" value="FFFFFFFF" />
  </Registry>
  <Registry clsid="{9CD4B2F4-923D-47f5-A062-E897DD1DAD50}" name="Enabled" status="Enabled" image="2" changed="2022-12-30 1:01:48" uid="{77AC9BB3-DE9C-47D7-B11C-3A44CDF15106}" disabled="0">
    <Properties action="U" displayDecimal="0" default="0" hive="HKEY_LOCAL_MACHINE" key="SYSTEM\CurrentControlSet\Control\SecurityProviders\SCHANNEL\Ciphers\DES 56/56" name="Enabled" type="REG_DWORD" value="00000000" />
  </Registry>
  <Registry clsid="{9CD4B2F4-923D-47f5-A062-E897DD1DAD50}" name="Enabled" status="Enabled" image="2" changed="2022-12-30 1:01:48" uid="{E8B98140-F7C9-456C-8FCE-8846D86A388E}" disabled="0">
    <Properties action="U" displayDecimal="0" default="0" hive="HKEY_LOCAL_MACHINE" key="SYSTEM\CurrentControlSet\Control\SecurityProviders\SCHANNEL\Ciphers\RC2 128/128" name="Enabled" type="REG_DWORD" value="00000000" />
  </Registry>
  <Registry clsid="{9CD4B2F4-923D-47f5-A062-E897DD1DAD50}" name="Enabled" status="Enabled" image="2" changed="2022-12-30 1:01:48" uid="{A1B05587-A3BD-4C7E-82A3-345EF3A5D46F}" disabled="0">
    <Properties action="U" displayDecimal="0" default="0" hive="HKEY_LOCAL_MACHINE" key="SYSTEM\CurrentControlSet\Control\SecurityProviders\SCHANNEL\Ciphers\RC2 40/128" name="Enabled" type="REG_DWORD" value="00000000" />
  </Registry>
  <Registry clsid="{9CD4B2F4-923D-47f5-A062-E897DD1DAD50}" name="Enabled" status="Enabled" image="2" changed="2022-12-30 1:01:48" uid="{0CF29F2B-3EF6-4514-8DB4-B4B9C85BB2D6}" disabled="0">
    <Properties action="U" displayDecimal="0" default="0" hive="HKEY_LOCAL_MACHINE" key="SYSTEM\CurrentControlSet\Control\SecurityProviders\SCHANNEL\Ciphers\RC2 56/128" name="Enabled" type="REG_DWORD" value="00000000" />
  </Registry>
  <Registry clsid="{9CD4B2F4-923D-47f5-A062-E897DD1DAD50}" name="Enabled" status="Enabled" image="2" changed="2022-12-30 1:01:48" uid="{4F7F2704-A761-4439-AAA0-95B67DCBE9DE}" disabled="0">
    <Properties action="U" displayDecimal="0" default="0" hive="HKEY_LOCAL_MACHINE" key="SYSTEM\CurrentControlSet\Control\SecurityProviders\SCHANNEL\Ciphers\RC4 128/128" name="Enabled" type="REG_DWORD" value="00000000" />
  </Registry>
  <Registry clsid="{9CD4B2F4-923D-47f5-A062-E897DD1DAD50}" name="Enabled" status="Enabled" image="2" changed="2022-12-30 1:01:48" uid="{71133992-2673-4491-87A4-BA0BD103D6F3}" disabled="0">
    <Properties action="U" displayDecimal="0" default="0" hive="HKEY_LOCAL_MACHINE" key="SYSTEM\CurrentControlSet\Control\SecurityProviders\SCHANNEL\Ciphers\RC4 40/128" name="Enabled" type="REG_DWORD" value="00000000" />
  </Registry>
  <Registry clsid="{9CD4B2F4-923D-47f5-A062-E897DD1DAD50}" name="Enabled" status="Enabled" image="2" changed="2022-12-30 1:01:48" uid="{9FC5E7C8-F49F-4CEE-9B3E-69E2F1B40904}" disabled="0">
    <Properties action="U" displayDecimal="0" default="0" hive="HKEY_LOCAL_MACHINE" key="SYSTEM\CurrentControlSet\Control\SecurityProviders\SCHANNEL\Ciphers\RC4 56/128" name="Enabled" type="REG_DWORD" value="00000000" />
  </Registry>
  <Registry clsid="{9CD4B2F4-923D-47f5-A062-E897DD1DAD50}" name="Enabled" status="Enabled" image="2" changed="2022-12-30 1:01:48" uid="{72FF0466-D8E6-4F55-8C79-87DBA92E3D45}" disabled="0">
    <Properties action="U" displayDecimal="0" default="0" hive="HKEY_LOCAL_MACHINE" key="SYSTEM\CurrentControlSet\Control\SecurityProviders\SCHANNEL\Ciphers\RC4 64/128" name="Enabled" type="REG_DWORD" value="00000000" />
  </Registry>
  <Registry clsid="{9CD4B2F4-923D-47f5-A062-E897DD1DAD50}" name="Enabled" status="Enabled" image="2" changed="2022-12-30 1:01:48" uid="{E8562C81-EB39-4438-A2F7-5CAABD33DD9D}" disabled="0">
    <Properties action="U" displayDecimal="0" default="0" hive="HKEY_LOCAL_MACHINE" key="SYSTEM\CurrentControlSet\Control\SecurityProviders\SCHANNEL\Ciphers\Triple DES 168" name="Enabled" type="REG_DWORD" value="00000000" />
  </Registry>
  <Registry clsid="{9CD4B2F4-923D-47f5-A062-E897DD1DAD50}" name="Enabled" status="Enabled" image="2" changed="2022-12-30 1:01:49" uid="{F804A343-31D0-4450-ABBA-7439740BD500}" disabled="0">
    <Properties action="U" displayDecimal="0" default="0" hive="HKEY_LOCAL_MACHINE" key="SYSTEM\CurrentControlSet\Control\SecurityProviders\SCHANNEL\Hashes\MD5" name="Enabled" type="REG_DWORD" value="00000000" />
  </Registry>
  <Registry clsid="{9CD4B2F4-923D-47f5-A062-E897DD1DAD50}" name="Enabled" status="Enabled" image="2" changed="2022-12-30 1:01:49" uid="{62FA7DCB-F3E4-4421-B462-9472F55B1AB6}" disabled="0">
    <Properties action="U" displayDecimal="0" default="0" hive="HKEY_LOCAL_MACHINE" key="SYSTEM\CurrentControlSet\Control\SecurityProviders\SCHANNEL\Hashes\SHA" name="Enabled" type="REG_DWORD" value="FFFFFFFF" />
  </Registry>
  <Registry clsid="{9CD4B2F4-923D-47f5-A062-E897DD1DAD50}" name="Enabled" status="Enabled" image="2" changed="2022-12-30 1:01:49" uid="{5BE2AD42-A0C3-43EB-B0B9-D4D1B525D1D0}" disabled="0">
    <Properties action="U" displayDecimal="0" default="0" hive="HKEY_LOCAL_MACHINE" key="SYSTEM\CurrentControlSet\Control\SecurityProviders\SCHANNEL\Hashes\SHA256" name="Enabled" type="REG_DWORD" value="FFFFFFFF" />
  </Registry>
  <Registry clsid="{9CD4B2F4-923D-47f5-A062-E897DD1DAD50}" name="Enabled" status="Enabled" image="2" changed="2022-12-30 1:01:49" uid="{9C96E80D-621E-465E-B6EF-4A66D73B1CE8}" disabled="0">
    <Properties action="U" displayDecimal="0" default="0" hive="HKEY_LOCAL_MACHINE" key="SYSTEM\CurrentControlSet\Control\SecurityProviders\SCHANNEL\Hashes\SHA384" name="Enabled" type="REG_DWORD" value="FFFFFFFF" />
  </Registry>
  <Registry clsid="{9CD4B2F4-923D-47f5-A062-E897DD1DAD50}" name="Enabled" status="Enabled" image="2" changed="2022-12-30 1:01:49" uid="{4740ECD7-C354-4932-A54B-24D4C840EEE5}" disabled="0">
    <Properties action="U" displayDecimal="0" default="0" hive="HKEY_LOCAL_MACHINE" key="SYSTEM\CurrentControlSet\Control\SecurityProviders\SCHANNEL\Hashes\SHA512" name="Enabled" type="REG_DWORD" value="FFFFFFFF" />
  </Registry>
  <Registry clsid="{9CD4B2F4-923D-47f5-A062-E897DD1DAD50}" name="Enabled" status="Enabled" image="2" changed="2022-12-30 1:01:49" uid="{DD616FBC-7A6D-472E-9D71-9A287DC4A18C}" disabled="0">
    <Properties action="U" displayDecimal="0" default="0" hive="HKEY_LOCAL_MACHINE" key="SYSTEM\CurrentControlSet\Control\SecurityProviders\SCHANNEL\KeyExchangeAlgorithms\Diffie-Hellman" name="Enabled" type="REG_DWORD" value="FFFFFFFF" />
  </Registry>
  <Registry clsid="{9CD4B2F4-923D-47f5-A062-E897DD1DAD50}" name="Enabled" status="Enabled" image="2" changed="2022-12-30 1:01:49" uid="{2636F6BD-0F98-44B7-A056-5037D3E78B06}" disabled="0">
    <Properties action="U" displayDecimal="0" default="0" hive="HKEY_LOCAL_MACHINE" key="SYSTEM\CurrentControlSet\Control\SecurityProviders\SCHANNEL\KeyExchangeAlgorithms\ECDH" name="Enabled" type="REG_DWORD" value="FFFFFFFF" />
  </Registry>
  <Registry clsid="{9CD4B2F4-923D-47f5-A062-E897DD1DAD50}" name="Enabled" status="Enabled" image="2" changed="2022-12-30 1:01:49" uid="{74CD064E-B64A-4EFC-8BE1-125B20103CBF}" disabled="0">
    <Properties action="U" displayDecimal="0" default="0" hive="HKEY_LOCAL_MACHINE" key="SYSTEM\CurrentControlSet\Control\SecurityProviders\SCHANNEL\KeyExchangeAlgorithms\PKCS" name="Enabled" type="REG_DWORD" value="FFFFFFFF" />
  </Registry>
  <Registry clsid="{9CD4B2F4-923D-47f5-A062-E897DD1DAD50}" name="Enabled" status="Enabled" image="2" changed="2022-12-30 1:01:49" uid="{8BAF2E6E-6457-4A59-A207-6BD06C6FFFA7}" disabled="0">
    <Properties action="U" displayDecimal="0" default="0" hive="HKEY_LOCAL_MACHINE" key="SYSTEM\CurrentControlSet\Control\SecurityProviders\SCHANNEL\Protocols\Multi-Protocol Unified Hello\Client" name="Enabled" type="REG_DWORD" value="00000000" />
  </Registry>
  <Registry clsid="{9CD4B2F4-923D-47f5-A062-E897DD1DAD50}" name="DisabledByDefault" status="DisabledByDefault" image="2" changed="2022-12-30 1:01:49" uid="{E4FA1416-F3EF-45FB-B352-DB9CB363AF2B}" disabled="0">
    <Properties action="U" displayDecimal="0" default="0" hive="HKEY_LOCAL_MACHINE" key="SYSTEM\CurrentControlSet\Control\SecurityProviders\SCHANNEL\Protocols\Multi-Protocol Unified Hello\Client" name="DisabledByDefault" type="REG_DWORD" value="00000001" />
  </Registry>
  <Registry clsid="{9CD4B2F4-923D-47f5-A062-E897DD1DAD50}" name="Enabled" status="Enabled" image="2" changed="2022-12-30 1:01:49" uid="{32A0F712-CDC4-426F-BBF6-46B1E4C73110}" disabled="0">
    <Properties action="U" displayDecimal="0" default="0" hive="HKEY_LOCAL_MACHINE" key="SYSTEM\CurrentControlSet\Control\SecurityProviders\SCHANNEL\Protocols\Multi-Protocol Unified Hello\Server" name="Enabled" type="REG_DWORD" value="00000000" />
  </Registry>
  <Registry clsid="{9CD4B2F4-923D-47f5-A062-E897DD1DAD50}" name="DisabledByDefault" status="DisabledByDefault" image="2" changed="2022-12-30 1:01:49" uid="{9EEBEE4A-8001-4CBC-932A-C16F6AC414AD}" disabled="0">
    <Properties action="U" displayDecimal="0" default="0" hive="HKEY_LOCAL_MACHINE" key="SYSTEM\CurrentControlSet\Control\SecurityProviders\SCHANNEL\Protocols\Multi-Protocol Unified Hello\Server" name="DisabledByDefault" type="REG_DWORD" value="00000001" />
  </Registry>
  <Registry clsid="{9CD4B2F4-923D-47f5-A062-E897DD1DAD50}" name="Enabled" status="Enabled" image="2" changed="2022-12-30 1:01:49" uid="{6EAD29BF-BE9C-4A90-B931-F6533F00D19B}" disabled="0">
    <Properties action="U" displayDecimal="0" default="0" hive="HKEY_LOCAL_MACHINE" key="SYSTEM\CurrentControlSet\Control\SecurityProviders\SCHANNEL\Protocols\PCT 1.0\Client" name="Enabled" type="REG_DWORD" value="00000000" />
  </Registry>
  <Registry clsid="{9CD4B2F4-923D-47f5-A062-E897DD1DAD50}" name="DisabledByDefault" status="DisabledByDefault" image="2" changed="2022-12-30 1:01:49" uid="{AD27D868-8D4F-4299-B777-7E5CCDEAB3F1}" disabled="0">
    <Properties action="U" displayDecimal="0" default="0" hive="HKEY_LOCAL_MACHINE" key="SYSTEM\CurrentControlSet\Control\SecurityProviders\SCHANNEL\Protocols\PCT 1.0\Client" name="DisabledByDefault" type="REG_DWORD" value="00000001" />
  </Registry>
  <Registry clsid="{9CD4B2F4-923D-47f5-A062-E897DD1DAD50}" name="Enabled" status="Enabled" image="2" changed="2022-12-30 1:01:49" uid="{6B15A922-9498-48EE-829B-7AF95A38C4BC}" disabled="0">
    <Properties action="U" displayDecimal="0" default="0" hive="HKEY_LOCAL_MACHINE" key="SYSTEM\CurrentControlSet\Control\SecurityProviders\SCHANNEL\Protocols\PCT 1.0\Server" name="Enabled" type="REG_DWORD" value="00000000" />
  </Registry>
  <Registry clsid="{9CD4B2F4-923D-47f5-A062-E897DD1DAD50}" name="DisabledByDefault" status="DisabledByDefault" image="2" changed="2022-12-30 1:01:49" uid="{706C73D7-2FC2-41C3-87F0-FC52EAFB32F2}" disabled="0">
    <Properties action="U" displayDecimal="0" default="0" hive="HKEY_LOCAL_MACHINE" key="SYSTEM\CurrentControlSet\Control\SecurityProviders\SCHANNEL\Protocols\PCT 1.0\Server" name="DisabledByDefault" type="REG_DWORD" value="00000001" />
  </Registry>
  <Registry clsid="{9CD4B2F4-923D-47f5-A062-E897DD1DAD50}" name="Enabled" status="Enabled" image="2" changed="2022-12-30 1:01:50" uid="{8E7EDF44-CC8A-4C6B-BBEC-D042CE0D9AFA}" disabled="0">
    <Properties action="U" displayDecimal="0" default="0" hive="HKEY_LOCAL_MACHINE" key="SYSTEM\CurrentControlSet\Control\SecurityProviders\SCHANNEL\Protocols\SSL 2.0\Client" name="Enabled" type="REG_DWORD" value="00000000" />
  </Registry>
  <Registry clsid="{9CD4B2F4-923D-47f5-A062-E897DD1DAD50}" name="DisabledByDefault" status="DisabledByDefault" image="2" changed="2022-12-30 1:01:50" uid="{C58D6B3A-FB56-4C45-A385-862B08AD2996}" disabled="0">
    <Properties action="U" displayDecimal="0" default="0" hive="HKEY_LOCAL_MACHINE" key="SYSTEM\CurrentControlSet\Control\SecurityProviders\SCHANNEL\Protocols\SSL 2.0\Client" name="DisabledByDefault" type="REG_DWORD" value="00000001" />
  </Registry>
  <Registry clsid="{9CD4B2F4-923D-47f5-A062-E897DD1DAD50}" name="Enabled" status="Enabled" image="2" changed="2022-12-30 1:01:50" uid="{0963D682-8F84-4A1A-8C92-DDBFF4A9FA97}" disabled="0">
    <Properties action="U" displayDecimal="0" default="0" hive="HKEY_LOCAL_MACHINE" key="SYSTEM\CurrentControlSet\Control\SecurityProviders\SCHANNEL\Protocols\SSL 2.0\Server" name="Enabled" type="REG_DWORD" value="00000000" />
  </Registry>
  <Registry clsid="{9CD4B2F4-923D-47f5-A062-E897DD1DAD50}" name="DisabledByDefault" status="DisabledByDefault" image="2" changed="2022-12-30 1:01:50" uid="{245B57ED-3DFB-4211-A2CF-46B22D44C8BA}" disabled="0">
    <Properties action="U" displayDecimal="0" default="0" hive="HKEY_LOCAL_MACHINE" key="SYSTEM\CurrentControlSet\Control\SecurityProviders\SCHANNEL\Protocols\SSL 2.0\Server" name="DisabledByDefault" type="REG_DWORD" value="00000001" />
  </Registry>
  <Registry clsid="{9CD4B2F4-923D-47f5-A062-E897DD1DAD50}" name="Enabled" status="Enabled" image="2" changed="2022-12-30 1:01:50" uid="{3C3E9B8F-AC1C-484E-A604-6AC225BECF37}" disabled="0">
    <Properties action="U" displayDecimal="0" default="0" hive="HKEY_LOCAL_MACHINE" key="SYSTEM\CurrentControlSet\Control\SecurityProviders\SCHANNEL\Protocols\SSL 3.0\Client" name="Enabled" type="REG_DWORD" value="00000000" />
  </Registry>
  <Registry clsid="{9CD4B2F4-923D-47f5-A062-E897DD1DAD50}" name="DisabledByDefault" status="DisabledByDefault" image="2" changed="2022-12-30 1:01:50" uid="{7AABF7BD-7C67-4CCA-8E4D-C50892E34DEB}" disabled="0">
    <Properties action="U" displayDecimal="0" default="0" hive="HKEY_LOCAL_MACHINE" key="SYSTEM\CurrentControlSet\Control\SecurityProviders\SCHANNEL\Protocols\SSL 3.0\Client" name="DisabledByDefault" type="REG_DWORD" value="00000001" />
  </Registry>
  <Registry clsid="{9CD4B2F4-923D-47f5-A062-E897DD1DAD50}" name="Enabled" status="Enabled" image="2" changed="2022-12-30 1:01:50" uid="{5306E797-878E-4064-9FC9-640D091ABBB1}" disabled="0">
    <Properties action="U" displayDecimal="0" default="0" hive="HKEY_LOCAL_MACHINE" key="SYSTEM\CurrentControlSet\Control\SecurityProviders\SCHANNEL\Protocols\SSL 3.0\Server" name="Enabled" type="REG_DWORD" value="00000000" />
  </Registry>
  <Registry clsid="{9CD4B2F4-923D-47f5-A062-E897DD1DAD50}" name="DisabledByDefault" status="DisabledByDefault" image="2" changed="2022-12-30 1:01:50" uid="{A4A8C52D-2FD9-43FA-9002-0C504AF77BC7}" disabled="0">
    <Properties action="U" displayDecimal="0" default="0" hive="HKEY_LOCAL_MACHINE" key="SYSTEM\CurrentControlSet\Control\SecurityProviders\SCHANNEL\Protocols\SSL 3.0\Server" name="DisabledByDefault" type="REG_DWORD" value="00000001" />
  </Registry>
  <Registry clsid="{9CD4B2F4-923D-47f5-A062-E897DD1DAD50}" name="Enabled" status="Enabled" image="2" changed="2022-12-30 1:01:50" uid="{9A55E40A-1841-404E-9D56-9F495DBC176A}" disabled="0">
    <Properties action="U" displayDecimal="0" default="0" hive="HKEY_LOCAL_MACHINE" key="SYSTEM\CurrentControlSet\Control\SecurityProviders\SCHANNEL\Protocols\TLS 1.0\Client" name="Enabled" type="REG_DWORD" value="00000000" />
  </Registry>
  <Registry clsid="{9CD4B2F4-923D-47f5-A062-E897DD1DAD50}" name="DisabledByDefault" status="DisabledByDefault" image="2" changed="2022-12-30 1:01:50" uid="{C4509D61-CF56-461D-8D87-CC73E8495972}" disabled="0">
    <Properties action="U" displayDecimal="0" default="0" hive="HKEY_LOCAL_MACHINE" key="SYSTEM\CurrentControlSet\Control\SecurityProviders\SCHANNEL\Protocols\TLS 1.0\Client" name="DisabledByDefault" type="REG_DWORD" value="00000001" />
  </Registry>
  <Registry clsid="{9CD4B2F4-923D-47f5-A062-E897DD1DAD50}" name="Enabled" status="Enabled" image="2" changed="2022-12-30 1:01:50" uid="{5D9B9328-5DAE-49B3-8DE1-0431E3DD4ED4}" disabled="0">
    <Properties action="U" displayDecimal="0" default="0" hive="HKEY_LOCAL_MACHINE" key="SYSTEM\CurrentControlSet\Control\SecurityProviders\SCHANNEL\Protocols\TLS 1.0\Server" name="Enabled" type="REG_DWORD" value="00000000" />
  </Registry>
  <Registry clsid="{9CD4B2F4-923D-47f5-A062-E897DD1DAD50}" name="DisabledByDefault" status="DisabledByDefault" image="2" changed="2022-12-30 1:01:50" uid="{B2B82E9B-8BC9-4545-BCB0-FFB7A35982F8}" disabled="0">
    <Properties action="U" displayDecimal="0" default="0" hive="HKEY_LOCAL_MACHINE" key="SYSTEM\CurrentControlSet\Control\SecurityProviders\SCHANNEL\Protocols\TLS 1.0\Server" name="DisabledByDefault" type="REG_DWORD" value="00000001" />
  </Registry>
  <Registry clsid="{9CD4B2F4-923D-47f5-A062-E897DD1DAD50}" name="Enabled" status="Enabled" image="2" changed="2022-12-30 1:01:50" uid="{4C552D31-0746-4C16-93D7-B1915CED7728}" disabled="0">
    <Properties action="U" displayDecimal="0" default="0" hive="HKEY_LOCAL_MACHINE" key="SYSTEM\CurrentControlSet\Control\SecurityProviders\SCHANNEL\Protocols\TLS 1.1\Client" name="Enabled" type="REG_DWORD" value="00000000" />
  </Registry>
  <Registry clsid="{9CD4B2F4-923D-47f5-A062-E897DD1DAD50}" name="DisabledByDefault" status="DisabledByDefault" image="2" changed="2022-12-30 1:01:50" uid="{6D6354CC-9170-4265-A700-612717658DFC}" disabled="0">
    <Properties action="U" displayDecimal="0" default="0" hive="HKEY_LOCAL_MACHINE" key="SYSTEM\CurrentControlSet\Control\SecurityProviders\SCHANNEL\Protocols\TLS 1.1\Client" name="DisabledByDefault" type="REG_DWORD" value="00000001" />
  </Registry>
  <Registry clsid="{9CD4B2F4-923D-47f5-A062-E897DD1DAD50}" name="Enabled" status="Enabled" image="2" changed="2022-12-30 1:01:51" uid="{BB5F2F9E-3378-4F23-8BE2-B3D4584A6F05}" disabled="0">
    <Properties action="U" displayDecimal="0" default="0" hive="HKEY_LOCAL_MACHINE" key="SYSTEM\CurrentControlSet\Control\SecurityProviders\SCHANNEL\Protocols\TLS 1.1\Server" name="Enabled" type="REG_DWORD" value="00000000" />
  </Registry>
  <Registry clsid="{9CD4B2F4-923D-47f5-A062-E897DD1DAD50}" name="DisabledByDefault" status="DisabledByDefault" image="2" changed="2022-12-30 1:01:51" uid="{9518DE5C-C434-4C5E-BA40-EB17C54175EE}" disabled="0">
    <Properties action="U" displayDecimal="0" default="0" hive="HKEY_LOCAL_MACHINE" key="SYSTEM\CurrentControlSet\Control\SecurityProviders\SCHANNEL\Protocols\TLS 1.1\Server" name="DisabledByDefault" type="REG_DWORD" value="00000001" />
  </Registry>
  <Registry clsid="{9CD4B2F4-923D-47f5-A062-E897DD1DAD50}" name="Enabled" status="Enabled" image="2" changed="2023-03-13 4:57:33" uid="{7E98A8B3-E986-44CA-BBCE-48EEEC573E93}" disabled="0">
    <Properties action="U" displayDecimal="0" default="0" hive="HKEY_LOCAL_MACHINE" key="SYSTEM\CurrentControlSet\Control\SecurityProviders\SCHANNEL\Protocols\TLS 1.2\Server" name="Enabled" type="REG_DWORD" value="00000001" />
  </Registry>
  <Registry clsid="{9CD4B2F4-923D-47f5-A062-E897DD1DAD50}" name="DisabledByDefault" status="DisabledByDefault" image="2" changed="2022-12-30 1:01:51" uid="{1C6510CF-660A-4518-81B5-04603F6F6967}" disabled="0">
    <Properties action="U" displayDecimal="0" default="0" hive="HKEY_LOCAL_MACHINE" key="SYSTEM\CurrentControlSet\Control\SecurityProviders\SCHANNEL\Protocols\TLS 1.2\Server" name="DisabledByDefault" type="REG_DWORD" value="00000000" />
  </Registry>
  <Registry clsid="{9CD4B2F4-923D-47f5-A062-E897DD1DAD50}" name="Enabled" status="Enabled" image="2" changed="2023-03-13 4:57:33" uid="{942DD156-51F8-44FB-B006-131A5850DFC5}" disabled="0">
    <Properties action="U" displayDecimal="0" default="0" hive="HKEY_LOCAL_MACHINE" key="SYSTEM\CurrentControlSet\Control\SecurityProviders\SCHANNEL\Protocols\TLS 1.2\Client" name="Enabled" type="REG_DWORD" value="00000001" />
  </Registry>
  <Registry clsid="{9CD4B2F4-923D-47f5-A062-E897DD1DAD50}" name="DisabledByDefault" status="DisabledByDefault" image="2" changed="2022-12-30 1:01:51" uid="{E27763BD-EC00-47C7-89BE-F7C055FE46ED}" disabled="0">
    <Properties action="U" displayDecimal="0" default="0" hive="HKEY_LOCAL_MACHINE" key="SYSTEM\CurrentControlSet\Control\SecurityProviders\SCHANNEL\Protocols\TLS 1.2\Client" name="DisabledByDefault" type="REG_DWORD" value="00000000" />
  </Registry>
  <Registry clsid="{9CD4B2F4-923D-47f5-A062-E897DD1DAD50}" name="Start" status="Start" image="2" changed="2023-01-10 7:50:33" uid="{DEA71FD0-B62E-4060-819E-FFB312505046}" disabled="0">
    <Properties action="U" displayDecimal="0" default="0" hive="HKEY_LOCAL_MACHINE" key="SYSTEM\CurrentControlSet\Services\PimIndexMaintenanceSvc" name="Start" type="REG_DWORD" value="00000004" />
  </Registry>
  <Registry clsid="{9CD4B2F4-923D-47f5-A062-E897DD1DAD50}" name="Start" status="Start" image="2" changed="2023-01-10 7:50:33" uid="{4D5B488A-7620-488E-8C63-38234A3DD1DF}" disabled="0">
    <Properties action="U" displayDecimal="0" default="0" hive="HKEY_LOCAL_MACHINE" key="SYSTEM\CurrentControlSet\Services\UnistoreSvc" name="Start" type="REG_DWORD" value="00000004" />
  </Registry>
  <Registry clsid="{9CD4B2F4-923D-47f5-A062-E897DD1DAD50}" name="Start" status="Start" image="2" changed="2023-01-10 7:50:33" uid="{14137AD3-C9D0-4BD7-B045-691DD69098AF}" disabled="0">
    <Properties action="U" displayDecimal="0" default="0" hive="HKEY_LOCAL_MACHINE" key="SYSTEM\CurrentControlSet\Services\UserDataSvc" name="Start" type="REG_DWORD" value="00000004" />
  </Registry>
  <Registry clsid="{9CD4B2F4-923D-47f5-A062-E897DD1DAD50}" name="Start" status="Start" image="2" changed="2023-01-10 7:50:33" uid="{B431102D-C64E-4DCE-9715-780CA6C02E4B}" disabled="0">
    <Properties action="U" displayDecimal="0" default="0" hive="HKEY_LOCAL_MACHINE" key="SYSTEM\CurrentControlSet\Services\WpnUserService" name="Start" type="REG_DWORD" value="00000004" />
  </Registry>
  <Registry clsid="{9CD4B2F4-923D-47f5-A062-E897DD1DAD50}" name="SystemDefaultTlsVersions" status="SystemDefaultTlsVersions" image="2" changed="2023-04-13 4:15:35" uid="{EFD0C1E6-0B75-4107-AFF0-C703DAA8BE3B}" disabled="0">
    <Properties action="U" displayDecimal="0" default="0" hive="HKEY_LOCAL_MACHINE" key="SOFTWARE\WOW6432Node\Microsoft\.NETFramework\v4.0.30319" name="SystemDefaultTlsVersions" type="REG_DWORD" value="00000001" />
  </Registry>
  <Registry clsid="{9CD4B2F4-923D-47f5-A062-E897DD1DAD50}" name="SchUseStrongCrypto" status="SchUseStrongCrypto" image="2" changed="2023-04-13 4:15:35" uid="{D8B89989-D253-434B-9285-476C4FABC3AC}" disabled="0">
    <Properties action="U" displayDecimal="0" default="0" hive="HKEY_LOCAL_MACHINE" key="SOFTWARE\WOW6432Node\Microsoft\.NETFramework\v4.0.30319" name="SchUseStrongCrypto" type="REG_DWORD" value="00000001" />
  </Registry>
  <Registry clsid="{9CD4B2F4-923D-47f5-A062-E897DD1DAD50}" name="SystemDefaultTlsVersions" status="SystemDefaultTlsVersions" image="2" changed="2023-04-13 4:15:35" uid="{3DF692B2-14F1-41D3-A038-8291C3E4722F}" disabled="0">
    <Properties action="U" displayDecimal="0" default="0" hive="HKEY_LOCAL_MACHINE" key="SOFTWARE\Microsoft\.NETFramework\v4.0.30319" name="SystemDefaultTlsVersions" type="REG_DWORD" value="00000001" />
  </Registry>
  <Registry clsid="{9CD4B2F4-923D-47f5-A062-E897DD1DAD50}" name="SchUseStrongCrypto" status="SchUseStrongCrypto" image="2" changed="2023-04-13 4:15:35" uid="{44E0F865-0563-4A7D-A8C6-B7F2E0EEA4CD}" disabled="0">
    <Properties action="U" displayDecimal="0" default="0" hive="HKEY_LOCAL_MACHINE" key="SOFTWARE\Microsoft\.NETFramework\v4.0.30319" name="SchUseStrongCrypto" type="REG_DWORD" value="00000001" />
  </Registry>
</RegistrySettings>