<Backups xmlns="http://www.microsoft.com/GroupPolicy/GPOOperations/Manifest" xmlns:mfst="http://www.microsoft.com/GroupPolicy/GPOOperations/Manifest" mfst:version="1.0"><BackupInst><GPOGuid><![CDATA[{a544567c-ef3b-4856-8247-cbb45bbe3df1}]]></GPOGuid><GPODomain><![CDATA[{DomainFQDN}]]></GPODomain><GPODomainGuid><![CDATA[{{DomainGUID}}]]></GPODomainGuid><GPODomainController><![CDATA[{DCName}.{DomainFQDN}]]></GPODomainController><BackupTime><![CDATA[2023-08-13T22:12:51]]></BackupTime><ID><![CDATA[{912901C0-3876-4388-B467-29707FBAD05E}]]></ID><Comment><![CDATA[]]></Comment><GPODisplayName><![CDATA[Delta Domain Policy]]></GPODisplayName></BackupInst></Backups>
