<!--FILEHASH:/qHXw3KmheLobnbSzpJwwg==-->
<synchronizationRule>
  <id>{00000000-0000-0000-0000-000000000000}</id>
  <version>1</version>
  <name>In from AD - Group DirectoryExtension</name>
  <description />
  <immutable-tag>Microsoft.InfromADGroupDirectoryExtension.002</immutable-tag>
  <direction>Inbound</direction>
  <connector>{00000000-0000-0000-0000-000000000000}</connector>
  <sourceObjectType>group</sourceObjectType>
  <targetObjectType>group</targetObjectType>
  <linkType>Join</linkType>
  <precedence>0</precedence>
  <precedence-after>{00000000-0000-0000-0000-000000000000}</precedence-after>
  <softDeleteExpiryInterval>00:00:00</softDeleteExpiryInterval>
  <attribute-mappings />
  <relationshipCriteria />
  <synchronizationCriteria>
    <conditions>
      <scope>
        <csAttribute>isCriticalSystemObject</csAttribute>
        <csOperator>NOTEQUAL</csOperator>
        <csValue>True</csValue>
      </scope>
      <!--Group write back specific - Filtering out cloud mastered groups-->
      <scope>
        <csAttribute>adminDescription</csAttribute>
        <csOperator>NOTSTARTSWITH</csOperator>
        <csValue>Group_</csValue>
      </scope>
    </conditions>
  </synchronizationCriteria>
</synchronizationRule>
