<!--FILEHASH:L7mmOO5A77d4TbCQ16RALg==-->
<synchronizationRule>
  <id>{00000000-0000-0000-0000-000000000000}</id>
  <version>1</version>
  <name>In from AAD - Device Common</name>
  <description />
  <immutable-tag>Microsoft.InfromAADDeviceCommon.004</immutable-tag>
  <direction>Inbound</direction>
  <connector>{00000000-0000-0000-0000-000000000000}</connector>
  <sourceObjectType>device</sourceObjectType>
  <targetObjectType>device</targetObjectType>
  <linkType>Join</linkType>
  <precedence>0</precedence>
  <precedence-after>{00000000-0000-0000-0000-000000000000}</precedence-after>
  <softDeleteExpiryInterval>00:00:00</softDeleteExpiryInterval>
  <attribute-mappings>
    <mapping>
      <dest>cloudAnchor</dest>
      <src>
        <attr>cloudAnchor</attr>
      </src>
      <valueMergeType>Update</valueMergeType>
    </mapping>
    <mapping>
      <dest>alternativeSecurityId</dest>
      <src>
        <attr>alternativeSecurityId</attr>
      </src>
      <valueMergeType>Update</valueMergeType>
    </mapping>
    <mapping>
      <dest>deviceKey</dest>
      <src>
        <attr>stkDeviceKey</attr>
      </src>
      <expression>IIF(IsNull([stkDeviceKey]), NULL, IIF(CNum(Mid([stkDeviceKey],1,1))=0, Mid([stkDeviceKey],1,7+CNum(Mid([stkDeviceKey],5,2))) &amp; CBin(Len(Thumbprint(Mid([stkDeviceKey],8+CNum(Mid([stkDeviceKey],5,2)),Len([stkDeviceKey])))),2) &amp; CBin(2,1) &amp; Thumbprint(Mid([stkDeviceKey],8+CNum(Mid([stkDeviceKey],5,2)),Len([stkDeviceKey]))) &amp; Mid([stkDeviceKey],8+CNum(Mid([stkDeviceKey],5,2)),Len([stkDeviceKey])), NULL))</expression>
      <valueMergeType>Update</valueMergeType>
    </mapping>
    <mapping>
      <dest>isCompliant</dest>
      <src>
        <attr>isCompliant</attr>
      </src>
      <valueMergeType>Update</valueMergeType>
    </mapping>
    <mapping>
      <dest>isManaged</dest>
      <src>
        <attr>isManaged</attr>
      </src>
      <valueMergeType>Update</valueMergeType>
    </mapping>
    <mapping>
      <dest>registeredOwnerReference</dest>
      <src>
        <attr>registeredOwnerReference</attr>
      </src>
      <valueMergeType>Update</valueMergeType>
    </mapping>
    <mapping>
      <dest>registeredUsersReference</dest>
      <src>
        <attr>registeredUsersReference</attr>
      </src>
      <valueMergeType>Update</valueMergeType>
    </mapping>
    <mapping>
      <dest>cloudCreated</dest>
      <src>
        <attr>cloudCreated</attr>
      </src>
      <valueMergeType>Update</valueMergeType>
    </mapping>
    <mapping>
      <dest>dirSyncOverrides</dest>
      <src>
        <attr>dirSyncOverrides</attr>
      </src>
      <valueMergeType>Update</valueMergeType>
    </mapping>
    <mapping>
      <dest>cloudUserCertificate</dest>
      <src>
        <attr>userCertificate</attr>
      </src>
      <expression>ImportedValue("userCertificate")</expression>
      <valueMergeType>Update</valueMergeType>
    </mapping>
    <mapping>
      <dest>isIntuneManagedDevice</dest>
      <src>
        <attr>isIntuneManagedDevice</attr>
      </src>
      <expression>IIF(Contains(Split("0000000a-0000-0000-c000-000000000000,7add3ecd-5b01-452e-b4bf-cdaf9df1d097,54b943f8-d761-4f8d-951e-9cea1846db5a", ","), IIF(IsNull([mdmAppId]),"InvalidMdmAppId",StringFromGuid([mdmAppId])),CaseInsensitive) &gt; 0,True,NULL)</expression>
      <valueMergeType>Update</valueMergeType>
    </mapping>
  </attribute-mappings>
  <relationshipCriteria>
    <conditions>
      <condition>
        <caseSensitive>False</caseSensitive>
        <csAttribute>deviceId</csAttribute>
        <ilmAttribute>deviceId</ilmAttribute>
      </condition>
    </conditions>
  </relationshipCriteria>
</synchronizationRule>
