<!--FILEHASH:jPR1gtd+42H4FtfRUZHvFw==-->
<synchronizationRule>
  <id>{00000000-0000-0000-0000-000000000000}</id>
  <version>1</version>
  <name>In from AD - Computer Join</name>
  <description />
  <immutable-tag>Microsoft.InfromADComputerJoin.006</immutable-tag>
  <direction>Inbound</direction>
  <connector>{00000000-0000-0000-0000-000000000000}</connector>
  <sourceObjectType>computer</sourceObjectType>
  <targetObjectType>device</targetObjectType>
  <linkType>Provision</linkType>
  <precedence>0</precedence>
  <precedence-after>{00000000-0000-0000-0000-000000000000}</precedence-after>
  <softDeleteExpiryInterval>00:00:00</softDeleteExpiryInterval>
  <attribute-mappings>
    <mapping>
      <dest>distinguishedName</dest>
      <src>
        <attr>dn</attr>
      </src>
      <valueMergeType>Update</valueMergeType>
    </mapping>
    <mapping>
      <dest>accountEnabled</dest>
      <src>
        <attr>userAccountControl</attr>
      </src>
      <expression>IIF(BitAnd([userAccountControl],2)=0,True,False)</expression>
      <valueMergeType>Update</valueMergeType>
    </mapping>
    <mapping>
      <dest>deviceId</dest>
      <src>
        <attr>objectGUID</attr>
      </src>
      <valueMergeType>Update</valueMergeType>
    </mapping>
    <mapping>
      <dest>sourceAnchor</dest>
      <src>
        <attr>objectGUID</attr>
      </src>
      <expression>ConvertToBase64([objectGUID])</expression>
      <valueMergeType>Update</valueMergeType>
    </mapping>
    <mapping>
      <dest>displayName</dest>
      <src>
        <attr>displayName</attr>
        <attr>cn</attr>
      </src>
      <expression>IIF(IsNullOrEmpty([displayName]),Word([dNSHostName],1,"."),[displayName])</expression>
      <valueMergeType>Update</valueMergeType>
    </mapping>
    <mapping>
      <dest>objectSid</dest>
      <src>
        <attr>objectSid</attr>
      </src>
      <valueMergeType>Update</valueMergeType>
    </mapping>
    <mapping>
      <dest>sourceObjectType</dest>
      <src>Computer</src>
      <valueMergeType>Update</valueMergeType>
    </mapping>
    <mapping>
      <dest>deviceOSVersion</dest>
      <src>
        <attr>operatingSystemVersion</attr>
      </src>
      <valueMergeType>Update</valueMergeType>
    </mapping>
    <mapping>
      <dest>deviceOSType</dest>
      <src>
        <attr>operatingSystem</attr>
      </src>
      <expression>IIF(InStr([operatingSystem],"Windows") &gt; 0,"Windows",[operatingSystem])</expression>
      <valueMergeType>Update</valueMergeType>
    </mapping>
    <mapping>
      <dest>deviceTrustType</dest>
      <src>ServerAd</src>
      <valueMergeType>Update</valueMergeType>
    </mapping>
    <mapping execute-once="true">
      <dest>cloudCreated</dest>
      <src>False</src>
      <valueMergeType>Update</valueMergeType>
    </mapping>
    <mapping>
      <dest>userCertificate</dest>
      <src>
        <attr>userCertificate</attr>
      </src>
      <valueMergeType>Update</valueMergeType>
    </mapping>
    <mapping execute-once="true">
      <dest>registeredOwnerReference</dest>
      <src>
        <attr>mS-DS-CreatorSID</attr>
      </src>
      <valueMergeType>Update</valueMergeType>
    </mapping>
    <mapping>
      <dest>cloudFiltered</dest>
      <src>
        <attr>userCertificate</attr>
      </src>
      <!-- Collect into $validCerts all values that contain X509Certificate2 objects that haven't expired and match the pattern CN=<device guid>.
           with $validCerts.
           If the number of valid certs is greater than 0, cloudFiltered is set to NULL, else cloudFiltered is set to True
      -->
      <expression always-flow="true"><![CDATA[IIF(
  IsNullOrEmpty([userCertificate])
  || (
    (InStr(UCase([operatingSystem]),"WINDOWS") > 0)
    && (Left([operatingSystemVersion],2) = "6.")
  ),
  True,
  NULL)]]></expression>
      <valueMergeType>Update</valueMergeType>
    </mapping>
  </attribute-mappings>
  <relationshipCriteria>
    <conditions>
      <condition>
        <caseSensitive>False</caseSensitive>
        <csAttribute>objectGUID</csAttribute>
        <ilmAttribute>deviceId</ilmAttribute>
      </condition>
    </conditions>
  </relationshipCriteria>
  <synchronizationCriteria/>
</synchronizationRule>
