<!--FILEHASH:nl+nweHloFUGG4qDStEXIQ==-->
<synchronizationRule>
    <id>{00000000-0000-0000-0000-000000000000}</id>
    <version>1</version>
    <name>In from LDAP - GroupOfNames</name>
    <description>In from LDAP - GroupOfNames</description>
    <immutable-tag>Microsoft.InfromLDAPGroupOfNames.002</immutable-tag>
    <direction>Inbound</direction>
    <connector>{00000000-0000-0000-0000-000000000000}</connector>
    <sourceObjectType>groupOfNames</sourceObjectType>
    <targetObjectType>group</targetObjectType>
    <linkType>Provision</linkType>
    <precedence>0</precedence>
    <precedence-after>{00000000-0000-0000-0000-000000000000}</precedence-after>
    <softDeleteExpiryInterval>00:00:00</softDeleteExpiryInterval>
    <attribute-mappings>
        <mapping>
          <dest>distinguishedName</dest>
          <src>
            <attr>dn</attr>
          </src>
          <valueMergeType>Update</valueMergeType>
        </mapping>
        <mapping>
            <dest>accountName</dest>
            <src>
                <attr>cn</attr>
            </src>
            <expression>IIF(IsNullOrEmpty([cn]),NULL,Left(Trim(Item([cn],1)),448))</expression>
            <valueMergeType>Update</valueMergeType>
        </mapping>
        <mapping>
            <dest>cn</dest>
            <src>
                <attr>cn</attr>
            </src>
            <expression>IIF(IsNullOrEmpty([cn]),NULL,Left(Trim(Item([cn],1)),448))</expression>
            <valueMergeType>Update</valueMergeType>
        </mapping>
        <mapping>
            <dest>description</dest>
            <src>
                <attr>description</attr>
            </src>
            <expression>IIF(IsNullOrEmpty([description]),NULL,Left(Trim(Item([description],1)),448))</expression>
            <valueMergeType>Update</valueMergeType>
        </mapping>
        <mapping>
            <dest>displayName</dest>
            <src>
                <attr>cn</attr>
            </src>
            <expression>IIF(IsNullOrEmpty([cn]),NULL,Left(Trim(Item([cn],1)),448))</expression>
            <valueMergeType>Update</valueMergeType>
        </mapping>
        <mapping>
            <dest>memberCount</dest>
            <src>
                <attr>member</attr>
            </src>
            <expression>IIF(IsNullOrEmpty([member]),0,ValueCount("member"))</expression>
            <valueMergeType>Update</valueMergeType>
        </mapping>
        <mapping>
            <dest>member</dest>
            <src>
                <attr>member</attr>
            </src>
            <valueMergeType>Update</valueMergeType>
        </mapping>
        <mapping>
            <dest>o</dest>
            <src>
                <attr>o</attr>
            </src>
            <expression>IIF(IsNullOrEmpty([o]),NULL,Left(Trim(Item([o],1)),448))</expression>
            <valueMergeType>Update</valueMergeType>
        </mapping>
        <mapping>
            <dest>owner</dest>
            <src>
                <attr>owner</attr>
            </src>
            <valueMergeType>Update</valueMergeType>
        </mapping>
        <mapping>
            <dest>seeAlso</dest>
            <src>
                <attr>seeAlso</attr>
            </src>
            <valueMergeType>Update</valueMergeType>
        </mapping>
        <mapping>
            <dest>objectType</dest>
            <src>Group</src>
            <valueMergeType>Update</valueMergeType>
        </mapping>
        <mapping>
            <dest>securityEnabled</dest>
            <src>True</src>
            <valueMergeType>Update</valueMergeType>
        </mapping>
        <mapping>
            <dest>sourceAnchor</dest>
            <src>
                <attr>_distinguishedName</attr>
            </src>
            <valueMergeType>Update</valueMergeType>
        </mapping>
    </attribute-mappings>
    <relationshipCriteria>
        <conditions>
            <condition>
                <csAttribute>_distinguishedName</csAttribute>
                <ilmAttribute>sourceAnchor</ilmAttribute>
            </condition>
        </conditions>
    </relationshipCriteria>
</synchronizationRule>