<!--FILEHASH:iT6DAF5SyjkI/4IG//4tSQ==-->
<synchronizationRule>
    <id>{00000000-0000-0000-0000-000000000000}</id>
    <version>1</version>
    <name>In from AD - Device Common</name>
    <description />
    <immutable-tag>Microsoft.InfromADDeviceCommon.002</immutable-tag>
    <direction>Inbound</direction>
    <connector>{00000000-0000-0000-0000-000000000000}</connector>
    <sourceObjectType>msDS-Device</sourceObjectType>
    <targetObjectType>device</targetObjectType>
    <linkType>Join</linkType>
    <precedence>0</precedence>
    <precedence-after>{00000000-0000-0000-0000-000000000000}</precedence-after>
    <precedence-before>{00000000-0000-0000-0000-000000000000}</precedence-before>
    <softDeleteExpiryInterval>00:00:00</softDeleteExpiryInterval>

    <attribute-mappings>
        <mapping>
          <dest>distinguishedName</dest>
          <src>
            <attr>dn</attr>
          </src>
          <valueMergeType>Update</valueMergeType>
        </mapping>
        <mapping>
            <dest>isProvisionedInAD</dest>
            <src>True</src>            
            <valueMergeType>Update</valueMergeType>
        </mapping>
    </attribute-mappings>

    <relationshipCriteria>
        <conditions>
            <condition>
                <csAttribute>msDS-DeviceID</csAttribute>
                <ilmAttribute>deviceId</ilmAttribute>
            </condition>
        </conditions>
    </relationshipCriteria>

    <synchronizationCriteria>
        <conditions>
            <scope>
                <csAttribute>objectGUID</csAttribute>
                <csOperator>ISNOTNULL</csOperator>
                <csValue></csValue>
            </scope>
            <scope>
                <csAttribute>msDS-CloudAnchor</csAttribute>
                <csOperator>ISNOTNULL</csOperator>
                <csValue></csValue>
            </scope>
        </conditions>
    </synchronizationCriteria>

</synchronizationRule>