<!--FILEHASH:/sF69LTHbhFjOGLInYINFQ==-->
<synchronizationRule>
  <id>{00000000-0000-0000-0000-000000000000}</id>
  <version>1</version>
  <name>In from AD - Group Common</name>
  <description />
  <immutable-tag>Microsoft.InfromADGroupCommon.008</immutable-tag>
  <direction>Inbound</direction>
  <connector>{00000000-0000-0000-0000-000000000000}</connector>
  <sourceObjectType>group</sourceObjectType>
  <targetObjectType>group</targetObjectType>
  <linkType>Join</linkType>
  <precedence>0</precedence>
  <precedence-after>{00000000-0000-0000-0000-000000000000}</precedence-after>
  <softDeleteExpiryInterval>00:00:00</softDeleteExpiryInterval>
  <attribute-mappings>
    <mapping>
      <dest>distinguishedName</dest>
      <src>
        <attr>dn</attr>
      </src>
      <valueMergeType>Update</valueMergeType>
    </mapping>
    <mapping>
      <dest>cn</dest>
      <src>
        <attr>cn</attr>
      </src>
      <valueMergeType>Update</valueMergeType>
    </mapping>
    <mapping>
      <dest>description</dest>
      <src>
        <attr>description</attr>
      </src>
      <expression>IIF(IsNullOrEmpty([description]),NULL,Left(Trim(Item([description],1)),448))</expression>
      <valueMergeType>Update</valueMergeType>
    </mapping>
    <mapping>
      <dest>displayName</dest>
      <src>
        <attr>displayName</attr>
        <attr>cn</attr>
      </src>
      <expression>IIF(IsNullOrEmpty([displayName]),[cn],[displayName])</expression>
      <valueMergeType>Update</valueMergeType>
    </mapping>
    <mapping>
      <dest>info</dest>
      <src>
        <attr>info</attr>
      </src>
      <expression>Left(Trim([info]),448)</expression>
      <valueMergeType>Update</valueMergeType>
    </mapping>
    <mapping>
      <dest>mail</dest>
      <src>
        <attr>mail</attr>
      </src>
      <expression>Trim([mail])</expression>
      <valueMergeType>Update</valueMergeType>
    </mapping>
    <mapping>
      <dest>managedBy</dest>
      <src>
        <attr>managedBy</attr>
      </src>
      <valueMergeType>Update</valueMergeType>
    </mapping>
    <mapping>
      <dest>member</dest>
      <src>
        <attr>member</attr>
      </src>
      <valueMergeType>Update</valueMergeType>
    </mapping>
    <mapping>
      <dest>memberCount</dest>
      <src>
        <attr>member</attr>
      </src>
      <expression>ValueCount("member")</expression>
      <valueMergeType>Update</valueMergeType>
    </mapping>
    <mapping>
      <dest>msDS-HABSeniorityIndex</dest>
      <src>
        <attr>msDS-HABSeniorityIndex</attr>
      </src>
      <valueMergeType>Update</valueMergeType>
    </mapping>
    <mapping>
      <dest>objectSid</dest>
      <src>
        <attr>objectSid</attr>
      </src>
      <valueMergeType>Update</valueMergeType>
    </mapping>
    <mapping>
      <dest>objectSidString</dest>
      <src>
        <attr>objectSid</attr>
      </src>
      <expression>StringFromSid([objectSid])</expression>
      <valueMergeType>Update</valueMergeType>
    </mapping>
    <mapping>
      <dest>proxyAddresses</dest>
      <src>
        <attr>proxyAddresses</attr>
      </src>
      <expression>RemoveDuplicates(Trim(ImportedValue("proxyAddresses")))</expression>
      <valueMergeType>Update</valueMergeType>
    </mapping>
    <mapping>
      <dest>securityEnabled</dest>
      <src>
        <attr>groupType</attr>
      </src>
      <expression>CBool(BitAnd([groupType],-2147483648))</expression>
      <valueMergeType>Update</valueMergeType>
    </mapping>
    <mapping>
      <dest>accountName</dest>
      <src>
        <attr>sAMAccountName</attr>
      </src>
      <valueMergeType>Update</valueMergeType>
    </mapping>
    <mapping>
      <dest>domainNetBios</dest>
      <expression>%Domain.Netbios%</expression>
      <valueMergeType>Update</valueMergeType>
    </mapping>
    <mapping>
      <dest>domainFQDN</dest>
      <expression>%Domain.FQDN%</expression>
      <valueMergeType>Update</valueMergeType>
    </mapping>
  </attribute-mappings>
  <relationshipCriteria />
  <synchronizationCriteria>
    <conditions>
      <scope>
        <csAttribute>isCriticalSystemObject</csAttribute>
        <csOperator>NOTEQUAL</csOperator>
        <csValue>True</csValue>
      </scope>
      <!--Group write back specific - Filtering out cloud mastered groups-->
      <scope>
        <csAttribute>adminDescription</csAttribute>
        <csOperator>NOTSTARTSWITH</csOperator>
        <csValue>Group_</csValue>
      </scope>
    </conditions>
  </synchronizationCriteria>
</synchronizationRule>
