<!--FILEHASH:7JyQxXMuWSC8FM9p88I1gw==-->
<synchronizationRule>
  <id>{00000000-0000-0000-0000-000000000000}</id>
  <version>1</version>
  <name>In from AD - Group Join</name>
  <description />
  <immutable-tag>Microsoft.InfromADGroupJoin.006</immutable-tag>
  <direction>Inbound</direction>
  <connector>{00000000-0000-0000-0000-000000000000}</connector>
  <sourceObjectType>group</sourceObjectType>
  <targetObjectType>group</targetObjectType>
  <linkType>Provision</linkType>
  <precedence>0</precedence>
  <precedence-after>{00000000-0000-0000-0000-000000000000}</precedence-after>
  <softDeleteExpiryInterval>00:00:00</softDeleteExpiryInterval>
  <attribute-mappings>
    <mapping>
      <dest>cloudFiltered</dest>
      <src>
        <attr>isCriticalSystemObject</attr>
      </src>
      <expression always-flow="true">IIF([sAMAccountName] = "MSOL_AD_Sync_RichCoexistence" || CBool(IIF(IsPresent([msExchRecipientTypeDetails]),BitAnd([msExchRecipientTypeDetails],&amp;H40000000) &gt; 0,NULL))  || CBool(InStr(DNComponent(CRef([dn]),1),"\\0ACNF:")&gt;0), True, NULL)</expression>
      <valueMergeType>Update</valueMergeType>
    </mapping>
    <mapping>
      <dest>mailEnabled</dest>
      <src>
        <attr>proxyAddresses</attr>
        <attr>mail</attr>
      </src>
      <expression>IIF(( (IsPresent([proxyAddresses]) = True) &amp;&amp; (Contains([proxyAddresses], "SMTP:") &gt; 0) &amp;&amp; (InStr(Item([proxyAddresses], Contains([proxyAddresses], "SMTP:")), "@") &gt; 0)) ||  (IsPresent([mail]) = True &amp;&amp; (InStr([mail], "@") &gt; 0)), True, False)</expression>
      <valueMergeType>Update</valueMergeType>
    </mapping>
  </attribute-mappings>
  <relationshipCriteria />
  <synchronizationCriteria>
    <conditions>
      <scope>
        <csAttribute>isCriticalSystemObject</csAttribute>
        <csOperator>NOTEQUAL</csOperator>
        <csValue>True</csValue>
      </scope>
      <!--Group write back specific - Filtering out cloud mastered groups-->
      <scope>
        <csAttribute>adminDescription</csAttribute>
        <csOperator>NOTSTARTSWITH</csOperator>
        <csValue>Group_</csValue>
      </scope>
    </conditions>
  </synchronizationCriteria>
</synchronizationRule>