<!--FILEHASH:cWL6TqCZdlZwWCJUNvGxXg==-->
<synchronizationRule>
  <id>{00000000-0000-0000-0000-000000000000}</id>
  <version>1</version>
  <name>In from AD - ForeignSecurityPrincipal Join User</name>
  <description />
  <immutable-tag>Microsoft.InfromADForeignSecurityPrincipalJoinUser.001</immutable-tag>
  <direction>Inbound</direction>
  <connector>{00000000-0000-0000-0000-000000000000}</connector>
  <sourceObjectType>foreignSecurityPrincipal</sourceObjectType>
  <targetObjectType>*</targetObjectType>
  <linkType>Join</linkType>
  <precedence>0</precedence>
  <precedence-after>{00000000-0000-0000-0000-000000000000}</precedence-after>
  <softDeleteExpiryInterval>00:00:00</softDeleteExpiryInterval>
  <attribute-mappings />
  <relationshipCriteria>
    <conditions>
      <condition>
        <csAttribute>cn</csAttribute>
        <ilmAttribute>objectSidString</ilmAttribute>
      </condition>
    </conditions>
  </relationshipCriteria>
  <synchronizationCriteria />
</synchronizationRule>