<!--FILEHASH:jUARsVqr9mWKuZaZxPcvhA==-->
<synchronizationRule>
    <id>{00000000-0000-0000-0000-000000000000}</id>
    <version>1</version>
    <name>In from LDAP - inetOrgPerson</name>
    <description>In from LDAP - inetOrgPerson</description>
    <immutable-tag>Microsoft.InfromLDAPinetOrgPerson.003</immutable-tag>
    <direction>Inbound</direction>
    <connector>{00000000-0000-0000-0000-000000000000}</connector>
    <sourceObjectType>inetOrgPerson</sourceObjectType>
    <targetObjectType>person</targetObjectType>
    <linkType>Provision</linkType>
    <precedence>0</precedence>
    <precedence-after>{00000000-0000-0000-0000-000000000000}</precedence-after>
    <softDeleteExpiryInterval>00:00:00</softDeleteExpiryInterval>
    <attribute-mappings>
        <mapping>
            <dest>accountEnabled</dest>
            <src>True</src>
            <valueMergeType>Update</valueMergeType>
        </mapping>
        <mapping>
            <dest>cn</dest>
            <src>
                <attr>cn</attr>
            </src>
            <expression>IIF(IsNullOrEmpty([cn]),NULL,Left(Trim(Item([cn],1)),448))</expression>
            <valueMergeType>Update</valueMergeType>
        </mapping>
        <mapping>
            <dest>contributingConnectorUser</dest>
            <expression>%Connector.ID%</expression>
            <valueMergeType>Update</valueMergeType>
        </mapping>
        <mapping>
            <dest>co</dest>
            <src>
                <attr>co</attr>
            </src>
            <expression>IIF(IsNullOrEmpty([co]),NULL,Left(Trim(Item([co],1)),448))</expression>
            <valueMergeType>Update</valueMergeType>
        </mapping>
        <mapping>
            <dest>department</dest>
            <src>
                <attr>departmentNumber</attr>
            </src>
            <expression>IIF(IsNullOrEmpty([departmentNumber]),NULL,Left(Trim(Item([departmentNumber],1)),448))</expression>
            <valueMergeType>Update</valueMergeType>
        </mapping>
        <mapping>
            <dest>description</dest>
            <src>
                <attr>description</attr>
            </src>
            <expression>IIF(IsNullOrEmpty([description]),NULL,Left(Trim(Item([description],1)),448))</expression>
            <valueMergeType>Update</valueMergeType>
        </mapping>
        <mapping>
            <dest>displayName</dest>
            <src>
                <attr>displayName</attr>
                <attr>cn</attr>
            </src>
            <expression>IIF(IsNullOrEmpty([displayName]),[cn],[displayName])</expression>
            <valueMergeType>Update</valueMergeType>
        </mapping>
        <mapping>
            <dest>employeeID</dest>
            <src>
                <attr>employeeNumber</attr>
            </src>
            <expression>IIF(IsNullOrEmpty([employeeNumber]),NULL,Trim([employeeNumber]))</expression>
            <valueMergeType>Update</valueMergeType>
        </mapping>
        <mapping>
            <dest>employeeType</dest>
            <src>
                <attr>employeeType</attr>
            </src>
            <valueMergeType>Update</valueMergeType>
        </mapping>
        <mapping>
            <dest>extensionAttribute1</dest>
            <src>
                <attr>extensionAttribute1</attr>
            </src>
            <expression>Trim([extensionAttribute1])</expression>
            <valueMergeType>Update</valueMergeType>
        </mapping>
        <mapping>
            <dest>extensionAttribute2</dest>
            <src>
                <attr>extensionAttribute2</attr>
            </src>
            <expression>Trim([extensionAttribute2])</expression>
            <valueMergeType>Update</valueMergeType>
        </mapping>
        <mapping>
            <dest>extensionAttribute3</dest>
            <src>
                <attr>extensionAttribute3</attr>
            </src>
            <expression>Trim([extensionAttribute3])</expression>
            <valueMergeType>Update</valueMergeType>
        </mapping>
        <mapping>
            <dest>extensionAttribute4</dest>
            <src>
                <attr>extensionAttribute4</attr>
            </src>
            <expression>Trim([extensionAttribute4])</expression>
            <valueMergeType>Update</valueMergeType>
        </mapping>
        <mapping>
            <dest>extensionAttribute5</dest>
            <src>
                <attr>extensionAttribute5</attr>
            </src>
            <expression>Trim([extensionAttribute5])</expression>
            <valueMergeType>Update</valueMergeType>
        </mapping>
        <mapping>
            <dest>extensionAttribute6</dest>
            <src>
                <attr>extensionAttribute6</attr>
            </src>
            <expression>Trim([extensionAttribute6])</expression>
            <valueMergeType>Update</valueMergeType>
        </mapping>
        <mapping>
            <dest>extensionAttribute7</dest>
            <src>
                <attr>extensionAttribute7</attr>
            </src>
            <expression>Trim([extensionAttribute7])</expression>
            <valueMergeType>Update</valueMergeType>
        </mapping>
        <mapping>
            <dest>extensionAttribute8</dest>
            <src>
                <attr>extensionAttribute8</attr>
            </src>
            <expression>Trim([extensionAttribute8])</expression>
            <valueMergeType>Update</valueMergeType>
        </mapping>
        <mapping>
            <dest>extensionAttribute9</dest>
            <src>
                <attr>extensionAttribute9</attr>
            </src>
            <expression>Trim([extensionAttribute9])</expression>
            <valueMergeType>Update</valueMergeType>
        </mapping>
        <mapping>
            <dest>extensionAttribute10</dest>
            <src>
                <attr>extensionAttribute10</attr>
            </src>
            <expression>Trim([extensionAttribute10])</expression>
            <valueMergeType>Update</valueMergeType>
        </mapping>
        <mapping>
            <dest>extensionAttribute11</dest>
            <src>
                <attr>extensionAttribute11</attr>
            </src>
            <expression>Trim([extensionAttribute11])</expression>
            <valueMergeType>Update</valueMergeType>
        </mapping>
        <mapping>
            <dest>extensionAttribute12</dest>
            <src>
                <attr>extensionAttribute12</attr>
            </src>
            <expression>Trim([extensionAttribute12])</expression>
            <valueMergeType>Update</valueMergeType>
        </mapping>
        <mapping>
            <dest>extensionAttribute13</dest>
            <src>
                <attr>extensionAttribute13</attr>
            </src>
            <expression>Trim([extensionAttribute13])</expression>
            <valueMergeType>Update</valueMergeType>
        </mapping>
        <mapping>
            <dest>extensionAttribute14</dest>
            <src>
                <attr>extensionAttribute14</attr>
            </src>
            <expression>Trim([extensionAttribute14])</expression>
            <valueMergeType>Update</valueMergeType>
        </mapping>
        <mapping>
            <dest>extensionAttribute15</dest>
            <src>
                <attr>extensionAttribute15</attr>
            </src>
            <expression>Trim([extensionAttribute15])</expression>
            <valueMergeType>Update</valueMergeType>
        </mapping>
        <mapping>
            <dest>facsimileTelephoneNumber</dest>
            <src>
                <attr>facsimileTelephoneNumber</attr>
            </src>
            <valueMergeType>Update</valueMergeType>
        </mapping>
        <mapping>
            <dest>givenName</dest>
            <src>
                <attr>givenName</attr>
            </src>
            <valueMergeType>Update</valueMergeType>
        </mapping>
        <mapping>
            <dest>homePhone</dest>
            <src>
                <attr>homePhone</attr>
            </src>
            <expression>IIF(IsNullOrEmpty([homePhone]),NULL,Left(Trim(Item([homePhone],1)),448))</expression>
            <valueMergeType>Update</valueMergeType>
        </mapping>
        <mapping>
            <dest>initials</dest>
            <src>
                <attr>initials</attr>
            </src>
            <expression>IIF(IsNullOrEmpty([initials]),NULL,Left(Trim(Item([initials],1)),448))</expression>
            <valueMergeType>Update</valueMergeType>
        </mapping>
        <mapping>
            <dest>l</dest>
            <src>
                <attr>l</attr>
            </src>
            <expression>IIF(IsNullOrEmpty([l]),NULL,Left(Trim(Item([l],1)),448))</expression>
            <valueMergeType>Update</valueMergeType>
        </mapping>
        <mapping>
            <dest>manager</dest>
            <src>
                <attr>manager</attr>
            </src>
            <valueMergeType>Update</valueMergeType>
        </mapping>
        <mapping>
            <dest>mail</dest>
            <src>
                <attr>mail</attr>
            </src>
            <expression>IIF(IsNullOrEmpty([mail]),NULL,Left(Trim(Item([mail],1)),448))</expression>
            <valueMergeType>Update</valueMergeType>
        </mapping>
        <mapping>
            <dest>mailNickname</dest>
            <src>
                <attr>cn</attr>
            </src>
            <expression>IIF(IsNullOrEmpty([cn]),NULL,Left(Trim(Item([cn],1)),448))</expression>
            <valueMergeType>Update</valueMergeType>
        </mapping>
        <mapping>
            <dest>mobile</dest>
            <src>
                <attr>mobile</attr>
            </src>
            <expression>IIF(IsNullOrEmpty([mobile]),NULL,Left(Trim(Item([mobile],1)),448))</expression>
            <valueMergeType>Update</valueMergeType>
        </mapping>
        <mapping>
            <dest>o</dest>
            <src>
                <attr>o</attr>
            </src>
            <expression>IIF(IsNullOrEmpty([o]),NULL,Left(Trim(Item([o],1)),448))</expression>
            <valueMergeType>Update</valueMergeType>
        </mapping>
        <mapping>
            <dest>pager</dest>
            <src>
                <attr>pager</attr>
            </src>
            <expression>IIF(IsNullOrEmpty([pager]),NULL,Left(Trim(Item([pager],1)),448))</expression>
            <valueMergeType>Update</valueMergeType>
        </mapping>
        <mapping>
            <dest>physicalDeliveryOfficeName</dest>
            <src>
                <attr>physicalDeliveryOfficeName</attr>
            </src>
            <expression>IIF(IsNullOrEmpty([physicalDeliveryOfficeName]),NULL,Left(Trim(Item([physicalDeliveryOfficeName],1)),448))</expression>
            <valueMergeType>Update</valueMergeType>
        </mapping>
        <mapping>
            <dest>postOfficeBox</dest>
            <src>
                <attr>postOfficeBox</attr>
            </src>
            <expression>IIF(IsNullOrEmpty([postOfficeBox]),NULL,Left(Trim(Item([postOfficeBox],1)),448))</expression>
            <valueMergeType>Update</valueMergeType>
        </mapping>
        <mapping>
            <dest>postalAddress</dest>
            <src>
                <attr>postalAddress</attr>
            </src>
            <expression>IIF(IsNullOrEmpty([postalAddress]),NULL,Left(Trim(Item([postalAddress],1)),448))</expression>
            <valueMergeType>Update</valueMergeType>
        </mapping>
        <mapping>
            <dest>postalCode</dest>
            <src>
                <attr>postalCode</attr>
            </src>
            <expression>IIF(IsNullOrEmpty([postalCode]),NULL,Left(Trim(Item([postalCode],1)),448))</expression>
            <valueMergeType>Update</valueMergeType>
        </mapping>
        <mapping>
            <dest>preferredLanguage</dest>
            <src>
                <attr>preferredLanguage</attr>
            </src>
            <expression>IIF(IsNullOrEmpty([preferredLanguage]),NULL,Left(Trim([preferredLanguage]),448))</expression>
            <valueMergeType>Update</valueMergeType>
        </mapping>
        <mapping>
            <dest>pwdLastSet</dest>
            <src>
                <attr>pwdChangedTime</attr>
            </src>
            <expression>IIF(IsPresent([pwdChangedTime]),CStr(FormatDateTime(DateFromNum([pwdChangedTime]),"yyyyMMddHHmmss.0Z")),NULL)</expression>
            <valueMergeType>Update</valueMergeType>
        </mapping>
        <mapping>
            <dest>secretary</dest>
            <src>
                <attr>secretary</attr>
            </src>
            <valueMergeType>Update</valueMergeType>
        </mapping>
        <mapping>
            <dest>seeAlso</dest>
            <src>
                <attr>seeAlso</attr>
            </src>
            <valueMergeType>Update</valueMergeType>
        </mapping>
        <mapping>
            <dest>sn</dest>
            <src>
                <attr>sn</attr>
            </src>
            <expression>Trim(Item([sn],1))</expression>
            <valueMergeType>Update</valueMergeType>
        </mapping>
        <mapping>
            <dest>st</dest>
            <src>
                <attr>st</attr>
            </src>
            <expression>IIF(IsNullOrEmpty([st]),NULL,Left(Trim(Item([st],1)),448))</expression>
            <valueMergeType>Update</valueMergeType>
        </mapping>
        <mapping>
            <dest>street</dest>
            <src>
                <attr>street</attr>
            </src>
            <expression>IIF(IsNullOrEmpty([street]),NULL,Left(Trim(Item([street],1)),448))</expression>
            <valueMergeType>Update</valueMergeType>
        </mapping>
        <mapping>
            <dest>streetAddress</dest>
            <src>
                <attr>streetAddress</attr>
            </src>
            <expression>IIF(IsNullOrEmpty([streetAddress]),NULL,Left(Trim(Item([streetAddress],1)),448))</expression>
            <valueMergeType>Update</valueMergeType>
        </mapping>
        <mapping>
            <dest>streetAddress</dest>
            <src>
                <attr>streetaddress</attr>
            </src>
            <expression>IIF(IsNullOrEmpty([streetaddress]),NULL,Left(Trim(Item([streetaddress],1)),448))</expression>
            <valueMergeType>Update</valueMergeType>
        </mapping>
        <mapping>
            <dest>targetAddress</dest>
            <src>
                <attr>mail</attr>
            </src>
            <expression>IIF(IsNullOrEmpty([mail]),NULL,Left(Trim(Item([mail],1)),448))</expression>
            <valueMergeType>Update</valueMergeType>
        </mapping>
        <mapping>
            <dest>telephoneNumber</dest>
            <src>
                <attr>telephoneNumber</attr>
            </src>
            <expression>IIF(IsNullOrEmpty([telephoneNumber]),NULL,Left(Trim(Item([telephoneNumber],1)),448))</expression>
            <valueMergeType>Update</valueMergeType>
        </mapping>
        <mapping>
            <dest>title</dest>
            <src>
                <attr>title</attr>
            </src>
            <expression>IIF(IsNullOrEmpty([title]),NULL,Left(Trim(Item([title],1)),448))</expression>
            <valueMergeType>Update</valueMergeType>
        </mapping>
        <mapping>
            <dest>uid</dest>
            <src>
                <attr>uid</attr>
            </src>
            <expression>IIF(IsNullOrEmpty([uid]),NULL,Left(Trim(Item([uid],1)),448))</expression>
            <valueMergeType>Update</valueMergeType>
        </mapping>
        <mapping>
            <dest>url</dest>
            <src>
                <attr>labeledURI</attr>
            </src>
            <expression>IIF(IsNullOrEmpty([labeledURI]),NULL,Left(Trim(Item([labeledURI],1)),448))</expression>
            <valueMergeType>Update</valueMergeType>
        </mapping>
        <mapping>
            <dest>url</dest>
            <src>
                <attr>labeledUri</attr>
            </src>
            <expression>IIF(IsNullOrEmpty([labeledUri]),NULL,Left(Trim(Item([labeledUri],1)),448))</expression>
            <valueMergeType>Update</valueMergeType>
        </mapping>
        <mapping>
            <dest>userCertificate</dest>
            <src>
                <attr>userCertificate</attr>
            </src>
            <valueMergeType>Update</valueMergeType>
        </mapping>
        <mapping>
            <dest>userCertificate</dest>
            <src>
                <attr>userCertificate;binary</attr>
            </src>
            <valueMergeType>Update</valueMergeType>
        </mapping>
        <mapping>
            <dest>sourceObjectType</dest>
            <src>User</src>
            <valueMergeType>Update</valueMergeType>
        </mapping>
        <mapping>
            <dest>proxyAddressesIsValid</dest>
            <src>True</src>
            <valueMergeType>Update</valueMergeType>
        </mapping>
        <mapping>
            <dest>proxyAddresses</dest>
            <src>
                <attr>mail</attr>
            </src>
            <expression>IIF(IsNullOrEmpty([mail]),NULL,Left(Trim("SMTP:" &amp; Item([mail],1)),448))</expression>
            <valueMergeType>Update</valueMergeType>
        </mapping>
        <mapping>
            <dest>sourceAnchor</dest>
            <src>
                <attr>MS_PERSON_ANCHOR</attr>
            </src>
          <expression always-flow="true">IIF(IsString([MS_PERSON_ANCHOR]),CStr([MS_PERSON_ANCHOR]),ConvertToBase64([MS_PERSON_ANCHOR]))</expression>
            <valueMergeType>Update</valueMergeType>
        </mapping>
    </attribute-mappings>
    <relationshipCriteria />
    <synchronizationCriteria />
</synchronizationRule>