<!--FILEHASH:NmuhDj0VhoASKljMvIjZ/g==-->
<synchronizationRule>
  <id>{00000000-0000-0000-0000-000000000000}</id>
  <version>1</version>
  <name>In from AD - InetOrgPerson Join</name>
  <description />
  <direction>Inbound</direction>
  <connector>{00000000-0000-0000-0000-000000000000}</connector>
  <sourceObjectType>inetOrgPerson</sourceObjectType>
  <targetObjectType>person</targetObjectType>
  <linkType>Provision</linkType>
  <precedence>0</precedence>
  <softDeleteExpiryInterval>00:00:00</softDeleteExpiryInterval>
  <attribute-mappings>
    <mapping>
      <dest>cloudFiltered</dest>
      <src>
        <attr>mailNickname</attr>
        <attr>sAMAccountName</attr>
      </src>
      <expression always-flow="true">IIF(IsPresent([isCriticalSystemObject]) || IsPresent([sAMAccountName]) = False || [sAMAccountName] = "SUPPORT_388945a0" || Left([mailNickname], 14) = "SystemMailbox{" || Left([sAMAccountName], 4) = "AAD_" || (Left([mailNickname], 4) = "CAS_" &amp;&amp; (InStr([mailNickname], "}") &gt; 0)) || (Left([sAMAccountName], 4) = "CAS_" &amp;&amp; (InStr([sAMAccountName], "}") &gt; 0)) || Left([sAMAccountName], 5) = "MSOL_" || CBool(IIF(IsPresent([msExchRecipientTypeDetails]),BitAnd([msExchRecipientTypeDetails],&amp;H21C07000) &gt; 0,NULL)) || CBool(InStr(DNComponent(CRef([dn]),1),"\\0ACNF:")&gt;0), True, NULL)</expression>
      <valueMergeType>Update</valueMergeType>
    </mapping>
  </attribute-mappings>
  <relationshipCriteria />
  <synchronizationCriteria>
    <conditions>
      <scope>
        <csAttribute>isCriticalSystemObject</csAttribute>
        <csOperator>NOTEQUAL</csOperator>
        <csValue>TRUE</csValue>
      </scope>
    </conditions>
  </synchronizationCriteria>
  <immutable-tag>Microsoft.InfromADInetOrgPersonJoin.004</immutable-tag>
</synchronizationRule>