<!--FILEHASH:xLJqy5Rx3moNGvtoD+JP/A==-->
<synchronizationRule>
  <id>{00000000-0000-0000-0000-000000000000}</id>
  <version>1</version>
  <name>In from AAD - User Exchange Hybrid</name>
  <description />
  <immutable-tag>Microsoft.InfromAADUserExchangeHybrid.004</immutable-tag>
  <direction>Inbound</direction>
  <connector>{00000000-0000-0000-0000-000000000000}</connector>
  <sourceObjectType>user</sourceObjectType>
  <targetObjectType>person</targetObjectType>
  <linkType>Join</linkType>
  <precedence>0</precedence>
  <precedence-after>{00000000-0000-0000-0000-000000000000}</precedence-after>
  <softDeleteExpiryInterval>00:00:00</softDeleteExpiryInterval>
  <attribute-mappings>
    <mapping>
      <dest>cloudSOAExchMailbox</dest>
      <src>
        <attr>cloudMSExchRecipientDisplayType</attr>
      </src>
      <!-- If this expression changes please update the SyncRuleExpressions CIT test cases that validate this expression -->
      <expression><![CDATA[
      CBool(
        IIF(IsPresent([cloudMSExchRecipientDisplayType]),(
            IIF([cloudMSExchRecipientDisplayType]=0,True,(
                IIF([cloudMSExchRecipientDisplayType]=2,True,(
                    IIF([cloudMSExchRecipientDisplayType]=7,True,(
                        IIF([cloudMSExchRecipientDisplayType]=8,True,(
                            IIF([cloudMSExchRecipientDisplayType]=10,True,(
                                IIF([cloudMSExchRecipientDisplayType]=16,True,(
                                    IIF([cloudMSExchRecipientDisplayType]=17,True,(
                                        IIF([cloudMSExchRecipientDisplayType]=18,True,(
                                            IIF([cloudMSExchRecipientDisplayType]=1073741824,True,(
                                                IIF([cloudMSExchRecipientDisplayType]=1073741840,True,False)))))))))))))))))))),False))
      ]]></expression>
      <valueMergeType>Update</valueMergeType>
    </mapping>
    <mapping>
      <dest>cloudLegacyExchangeDN</dest>
      <src>
        <attr>cloudLegacyExchangeDN</attr>
      </src>
      <valueMergeType>Update</valueMergeType>
    </mapping>
    <mapping>
      <dest>cloudMSExchArchiveStatus</dest>
      <src>
        <attr>cloudMSExchArchiveStatus</attr>
      </src>
      <valueMergeType>Update</valueMergeType>
    </mapping>
    <mapping>
      <dest>cloudMSExchBlockedSendersHash</dest>
      <src>
        <attr>cloudMSExchBlockedSendersHash</attr>
      </src>
      <valueMergeType>Update</valueMergeType>
    </mapping>
    <mapping>
      <dest>cloudMSExchDelegateListLink</dest>
      <src>
        <attr>cloudMSExchDelegateListLink</attr>
      </src>
      <valueMergeType>Update</valueMergeType>
    </mapping>
    <mapping>
      <dest>cloudMSExchRecipientDisplayType</dest>
      <src>
        <attr>cloudMSExchRecipientDisplayType</attr>
      </src>
      <valueMergeType>Update</valueMergeType>
    </mapping>
    <mapping>
      <dest>cloudMSExchSafeRecipientsHash</dest>
      <src>
        <attr>cloudMSExchSafeRecipientsHash</attr>
      </src>
      <valueMergeType>Update</valueMergeType>
    </mapping>
    <mapping>
      <dest>cloudMSExchSafeSendersHash</dest>
      <src>
        <attr>cloudMSExchSafeSendersHash</attr>
      </src>
      <valueMergeType>Update</valueMergeType>
    </mapping>
    <mapping>
      <dest>cloudMSExchTeamMailboxExpiration</dest>
      <src>
        <attr>cloudMSExchTeamMailboxExpiration</attr>
      </src>
      <valueMergeType>Update</valueMergeType>
    </mapping>
    <mapping>
      <dest>cloudMSExchTeamMailboxOwners</dest>
      <src>
        <attr>cloudMSExchTeamMailboxOwners</attr>
      </src>
      <valueMergeType>Update</valueMergeType>
    </mapping>
    <mapping>
      <dest>cloudMSExchTeamMailboxSharePointUrl</dest>
      <src>
        <attr>cloudMSExchTeamMailboxSharePointUrl</attr>
      </src>
      <valueMergeType>Update</valueMergeType>
    </mapping>
    <mapping>
      <dest>cloudMSExchUCVoiceMailSettings</dest>
      <src>
        <attr>cloudMSExchUCVoiceMailSettings</attr>
      </src>
      <valueMergeType>Update</valueMergeType>
    </mapping>
    <mapping>
      <dest>cloudMSExchUserHoldPolicies</dest>
      <src>
        <attr>cloudMSExchUserHoldPolicies</attr>
      </src>
      <valueMergeType>Update</valueMergeType>
    </mapping>
    <mapping>
      <dest>cloudPublicDelegates</dest>
      <src>
        <attr>cloudPublicDelegates</attr>
      </src>
      <valueMergeType>Update</valueMergeType>
    </mapping>
  </attribute-mappings>
  <relationshipCriteria />
  <synchronizationCriteria />
</synchronizationRule>
