<!--FILEHASH:3aUUsz9bAk/DJFw5DZy71Q==-->
<synchronizationRule>
  <id>{00000000-0000-0000-0000-000000000000}</id>
  <version>1</version>
  <name>In from AD - InetOrgPerson DirectoryExtension</name>
  <description />
  <immutable-tag>Microsoft.InfromADInetOrgPersonDirectoryExtension.001</immutable-tag>
  <direction>Inbound</direction>
  <connector>{00000000-0000-0000-0000-000000000000}</connector>
  <sourceObjectType>inetOrgPerson</sourceObjectType>
  <targetObjectType>person</targetObjectType>
  <linkType>Join</linkType>
  <precedence>0</precedence>
  <precedence-after>{00000000-0000-0000-0000-000000000000}</precedence-after>
  <softDeleteExpiryInterval>00:00:00</softDeleteExpiryInterval>
  <attribute-mappings />
  <relationshipCriteria />
  <synchronizationCriteria />
</synchronizationRule>