<!--FILEHASH:U0uDQfzK4eR275oo2YZwwQ==-->
<synchronizationRule>
  <id>{00000000-0000-0000-0000-000000000000}</id>
  <version>1</version>
  <name>In from AD - Computer Filtering</name>
  <description />
  <connector>{00000000-0000-0000-0000-000000000000}</connector>
  <direction>Inbound</direction>
  <sourceObjectType>computer</sourceObjectType>
  <targetObjectType>device</targetObjectType>
  <precedence>0</precedence>
  <linkType>Join</linkType>
  <softDeleteExpiryInterval>00:00:00</softDeleteExpiryInterval>
  <attribute-mappings>
    <mapping>
      <dest>cloudFiltered</dest>
      <src>True</src>
    </mapping>
  </attribute-mappings>
  <relationshipCriteria />
  <synchronizationCriteria>
    <conditions>
      <scope>
        <csAttribute></csAttribute>
        <csOperator>ISNOTMEMBEROF</csOperator>
        <csValue>%Connector.GroupFilteringGroupDn%</csValue>
      </scope>
    </conditions>
  </synchronizationCriteria>
  <immutable-tag>Microsoft.InfromADComputerGroupFiltering.002</immutable-tag>  
</synchronizationRule>