<!--FILEHASH:w1bgLYHfakjS2x1jPomdVQ==-->
<synchronizationRule>
  <id>{00000000-0000-0000-0000-000000000000}</id>
  <version>1</version>
  <name>In from AD - User Common</name>
  <description />
  <immutable-tag>Microsoft.InfromADUserCommon.010</immutable-tag>
  <direction>Inbound</direction>
  <connector>{00000000-0000-0000-0000-000000000000}</connector>
  <sourceObjectType>user</sourceObjectType>
  <targetObjectType>person</targetObjectType>
  <linkType>Join</linkType>
  <precedence>0</precedence>
  <precedence-after>{00000000-0000-0000-0000-000000000000}</precedence-after>
  <softDeleteExpiryInterval>00:00:00</softDeleteExpiryInterval>
  <attribute-mappings>
    <mapping>
      <dest>distinguishedName</dest>
      <src>
        <attr>dn</attr>
      </src>
      <valueMergeType>Update</valueMergeType>
    </mapping>
    <mapping>
      <dest>accountEnabled</dest>
      <src>
        <attr>userAccountControl</attr>
      </src>
      <expression>IIF(BitAnd([userAccountControl],2)=0,True,False)</expression>
      <valueMergeType>Update</valueMergeType>
    </mapping>
    <mapping>
      <dest>accountName</dest>
      <src>
        <attr>sAMAccountName</attr>
      </src>
      <valueMergeType>Update</valueMergeType>
    </mapping>
    <mapping>
      <dest>assistant</dest>
      <src>
        <attr>assistant</attr>
      </src>
      <valueMergeType>Update</valueMergeType>
    </mapping>
    <mapping>
      <dest>c</dest>
      <src>
        <attr>c</attr>
      </src>
      <expression>Trim([c])</expression>
      <valueMergeType>Update</valueMergeType>
    </mapping>
    <mapping>
      <dest>cn</dest>
      <src>
        <attr>cn</attr>
      </src>
      <valueMergeType>Update</valueMergeType>
    </mapping>
    <mapping>
      <dest>co</dest>
      <src>
        <attr>co</attr>
      </src>
      <expression>Trim([co])</expression>
      <valueMergeType>Update</valueMergeType>
    </mapping>
    <mapping>
      <dest>company</dest>
      <src>
        <attr>company</attr>
      </src>
      <expression>Trim([company])</expression>
      <valueMergeType>Update</valueMergeType>
    </mapping>
    <mapping>
      <dest>countryCode</dest>
      <src>
        <attr>countryCode</attr>
      </src>
      <valueMergeType>Update</valueMergeType>
    </mapping>
    <mapping>
      <dest>department</dest>
      <src>
        <attr>department</attr>
      </src>
      <expression>Trim([department])</expression>
      <valueMergeType>Update</valueMergeType>
    </mapping>
    <mapping>
      <dest>description</dest>
      <src>
        <attr>description</attr>
      </src>
      <expression>IIF(IsNullOrEmpty([description]),NULL,Left(Trim(Item([description],1)),448))</expression>
      <valueMergeType>Update</valueMergeType>
    </mapping>
    <mapping>
      <dest>displayName</dest>
      <src>
        <attr>displayName</attr>
        <attr>cn</attr>
      </src>
      <expression>IIF(IsNullOrEmpty([displayName]),[cn],[displayName])</expression>
      <valueMergeType>Update</valueMergeType>
    </mapping>
    <mapping>
      <dest>domainFQDN</dest>
      <expression>%Domain.FQDN%</expression>
      <valueMergeType>Update</valueMergeType>
    </mapping>
    <mapping>
      <dest>domainNetBios</dest>
      <expression>%Domain.Netbios%</expression>
      <valueMergeType>Update</valueMergeType>
    </mapping>
    <mapping>
      <dest>employeeID</dest>
      <src>
        <attr>employeeID</attr>
      </src>
      <valueMergeType>Update</valueMergeType>
    </mapping>
    <mapping>
      <dest>employeeType</dest>
      <src>
        <attr>employeeType</attr>
      </src>
      <valueMergeType>Update</valueMergeType>
    </mapping>
    <mapping>
      <dest>extensionAttribute1</dest>
      <src>
        <attr>extensionAttribute1</attr>
      </src>
      <expression>Trim([extensionAttribute1])</expression>
      <valueMergeType>Update</valueMergeType>
    </mapping>
    <mapping>
      <dest>extensionAttribute2</dest>
      <src>
        <attr>extensionAttribute2</attr>
      </src>
      <expression>Trim([extensionAttribute2])</expression>
      <valueMergeType>Update</valueMergeType>
    </mapping>
    <mapping>
      <dest>extensionAttribute3</dest>
      <src>
        <attr>extensionAttribute3</attr>
      </src>
      <expression>Trim([extensionAttribute3])</expression>
      <valueMergeType>Update</valueMergeType>
    </mapping>
    <mapping>
      <dest>extensionAttribute4</dest>
      <src>
        <attr>extensionAttribute4</attr>
      </src>
      <expression>Trim([extensionAttribute4])</expression>
      <valueMergeType>Update</valueMergeType>
    </mapping>
    <mapping>
      <dest>extensionAttribute5</dest>
      <src>
        <attr>extensionAttribute5</attr>
      </src>
      <expression>Trim([extensionAttribute5])</expression>
      <valueMergeType>Update</valueMergeType>
    </mapping>
    <mapping>
      <dest>extensionAttribute6</dest>
      <src>
        <attr>extensionAttribute6</attr>
      </src>
      <expression>Trim([extensionAttribute6])</expression>
      <valueMergeType>Update</valueMergeType>
    </mapping>
    <mapping>
      <dest>extensionAttribute7</dest>
      <src>
        <attr>extensionAttribute7</attr>
      </src>
      <expression>Trim([extensionAttribute7])</expression>
      <valueMergeType>Update</valueMergeType>
    </mapping>
    <mapping>
      <dest>extensionAttribute8</dest>
      <src>
        <attr>extensionAttribute8</attr>
      </src>
      <expression>Trim([extensionAttribute8])</expression>
      <valueMergeType>Update</valueMergeType>
    </mapping>
    <mapping>
      <dest>extensionAttribute9</dest>
      <src>
        <attr>extensionAttribute9</attr>
      </src>
      <expression>Trim([extensionAttribute9])</expression>
      <valueMergeType>Update</valueMergeType>
    </mapping>
    <mapping>
      <dest>extensionAttribute10</dest>
      <src>
        <attr>extensionAttribute10</attr>
      </src>
      <expression>Trim([extensionAttribute10])</expression>
      <valueMergeType>Update</valueMergeType>
    </mapping>
    <mapping>
      <dest>extensionAttribute11</dest>
      <src>
        <attr>extensionAttribute11</attr>
      </src>
      <expression>Trim([extensionAttribute11])</expression>
      <valueMergeType>Update</valueMergeType>
    </mapping>
    <mapping>
      <dest>extensionAttribute12</dest>
      <src>
        <attr>extensionAttribute12</attr>
      </src>
      <expression>Trim([extensionAttribute12])</expression>
      <valueMergeType>Update</valueMergeType>
    </mapping>
    <mapping>
      <dest>extensionAttribute13</dest>
      <src>
        <attr>extensionAttribute13</attr>
      </src>
      <expression>Trim([extensionAttribute13])</expression>
      <valueMergeType>Update</valueMergeType>
    </mapping>
    <mapping>
      <dest>extensionAttribute14</dest>
      <src>
        <attr>extensionAttribute14</attr>
      </src>
      <expression>Trim([extensionAttribute14])</expression>
      <valueMergeType>Update</valueMergeType>
    </mapping>
    <mapping>
      <dest>extensionAttribute15</dest>
      <src>
        <attr>extensionAttribute15</attr>
      </src>
      <expression>Trim([extensionAttribute15])</expression>
      <valueMergeType>Update</valueMergeType>
    </mapping>
    <mapping>
      <dest>facsimileTelephoneNumber</dest>
      <src>
        <attr>facsimileTelephoneNumber</attr>
      </src>
      <expression>Trim([facsimileTelephoneNumber])</expression>
      <valueMergeType>Update</valueMergeType>
    </mapping>
    <mapping>
      <dest>forestFQDN</dest>
      <expression>%Forest.FQDN%</expression>
      <valueMergeType>Update</valueMergeType>
    </mapping>
    <mapping>
      <dest>forestNetBios</dest>
      <expression>%Forest.Netbios%</expression>
      <valueMergeType>Update</valueMergeType>
    </mapping>
    <mapping>
      <dest>givenName</dest>
      <src>
        <attr>givenName</attr>
      </src>
      <expression>Trim([givenName])</expression>
      <valueMergeType>Update</valueMergeType>
    </mapping>
    <mapping>
      <dest>homePhone</dest>
      <src>
        <attr>homePhone</attr>
      </src>
      <expression>Trim([homePhone])</expression>
      <valueMergeType>Update</valueMergeType>
    </mapping>
    <mapping>
      <dest>info</dest>
      <src>
        <attr>info</attr>
      </src>
      <expression>Left(Trim([info]),448)</expression>
      <valueMergeType>Update</valueMergeType>
    </mapping>
    <mapping>
      <dest>initials</dest>
      <src>
        <attr>initials</attr>
      </src>
      <expression>Trim([initials])</expression>
      <valueMergeType>Update</valueMergeType>
    </mapping>
    <mapping>
      <dest>ipPhone</dest>
      <src>
        <attr>ipPhone</attr>
      </src>
      <expression>Trim([ipPhone])</expression>
      <valueMergeType>Update</valueMergeType>
    </mapping>
    <mapping>
      <dest>l</dest>
      <src>
        <attr>l</attr>
      </src>
      <expression>Trim([l])</expression>
      <valueMergeType>Update</valueMergeType>
    </mapping>
    <mapping>
      <dest>mail</dest>
      <src>
        <attr>mail</attr>
      </src>
      <expression>Trim([mail])</expression>
      <valueMergeType>Update</valueMergeType>
    </mapping>
    <mapping>
      <dest>manager</dest>
      <src>
        <attr>manager</attr>
      </src>
      <valueMergeType>Update</valueMergeType>
    </mapping>
    <mapping>
      <dest>middleName</dest>
      <src>
        <attr>middleName</attr>
      </src>
      <expression>Trim([middleName])</expression>
      <valueMergeType>Update</valueMergeType>
    </mapping>
    <mapping>
      <dest>mobile</dest>
      <src>
        <attr>mobile</attr>
      </src>
      <expression>Trim([mobile])</expression>
      <valueMergeType>Update</valueMergeType>
    </mapping>
    <mapping>
      <dest>objectSid</dest>
      <src>
        <attr>objectSid</attr>
      </src>
      <valueMergeType>Update</valueMergeType>
    </mapping>
    <mapping>
      <dest>objectSidString</dest>
      <src>
        <attr>objectSid</attr>
      </src>
      <expression>StringFromSid([objectSid])</expression>
      <valueMergeType>Update</valueMergeType>
    </mapping>
    <mapping>
      <dest>otherFacsimileTelephoneNumber</dest>
      <src>
        <attr>otherFacsimileTelephoneNumber</attr>
      </src>
      <expression>Trim([otherFacsimileTelephoneNumber])</expression>
      <valueMergeType>Update</valueMergeType>
    </mapping>
    <mapping>
      <dest>otherHomePhone</dest>
      <src>
        <attr>otherHomePhone</attr>
      </src>
      <expression>Trim([otherHomePhone])</expression>
      <valueMergeType>Update</valueMergeType>
    </mapping>
    <mapping>
      <dest>otherMobile</dest>
      <src>
        <attr>otherMobile</attr>
      </src>
      <expression>Trim([otherMobile])</expression>
      <valueMergeType>Update</valueMergeType>
    </mapping>
    <mapping>
      <dest>otherIpPhone</dest>
      <src>
        <attr>otherIpPhone</attr>
      </src>
      <expression>Trim([otherIpPhone])</expression>
      <valueMergeType>Update</valueMergeType>
    </mapping>
    <mapping>
      <dest>otherPager</dest>
      <src>
        <attr>otherPager</attr>
      </src>
      <expression>Trim([otherPager])</expression>
      <valueMergeType>Update</valueMergeType>
    </mapping>
    <mapping>
      <dest>otherTelephone</dest>
      <src>
        <attr>otherTelephone</attr>
      </src>
      <expression>Trim([otherTelephone])</expression>
      <valueMergeType>Update</valueMergeType>
    </mapping>
    <mapping>
      <dest>pager</dest>
      <src>
        <attr>pager</attr>
      </src>
      <expression>Trim([pager])</expression>
      <valueMergeType>Update</valueMergeType>
    </mapping>
    <mapping>
      <dest>physicalDeliveryOfficeName</dest>
      <src>
        <attr>physicalDeliveryOfficeName</attr>
      </src>
      <expression>Trim([physicalDeliveryOfficeName])</expression>
      <valueMergeType>Update</valueMergeType>
    </mapping>
    <mapping>
      <dest>postalCode</dest>
      <src>
        <attr>postalCode</attr>
      </src>
      <expression>Trim([postalCode])</expression>
      <valueMergeType>Update</valueMergeType>
    </mapping>
    <mapping>
      <dest>postOfficeBox</dest>
      <src>
        <attr>postOfficeBox</attr>
      </src>
      <expression>IIF(IsNullOrEmpty([postOfficeBox]),NULL,Left(Trim(Item([postOfficeBox],1)),448))</expression>
      <valueMergeType>Update</valueMergeType>
    </mapping>
    <mapping>
      <dest>preferredLanguage</dest>
      <src>
        <attr>preferredLanguage</attr>
      </src>
      <expression>Trim([preferredLanguage])</expression>
      <valueMergeType>Update</valueMergeType>
    </mapping>
    <mapping>
      <dest>proxyAddresses</dest>
      <src>
        <attr>proxyAddresses</attr>
      </src>
      <expression>RemoveDuplicates(Trim(ImportedValue("proxyAddresses")))</expression>
      <valueMergeType>Update</valueMergeType>
    </mapping>
    <mapping>
      <dest>pwdLastSet</dest>
      <src>
        <attr>pwdLastSet</attr>
      </src>
      <expression>IIF(IsPresent([pwdLastSet]),CStr(FormatDateTime(DateFromNum([pwdLastSet]),"yyyyMMddHHmmss.0Z")),NULL)</expression>
      <valueMergeType>Update</valueMergeType>
    </mapping>
    <mapping>
      <dest>sn</dest>
      <src>
        <attr>sn</attr>
      </src>
      <expression>Trim([sn])</expression>
      <valueMergeType>Update</valueMergeType>
    </mapping>
    <mapping>
      <dest>sourceAnchorBinary</dest>
      <src>
        <attr>MS_PERSON_ANCHOR</attr>
      </src>
      <expression always-flow="true"><![CDATA[
      IIF(IsPresent([msExchRecipientTypeDetails]),
          IIF([msExchRecipientTypeDetails]=2,NULL,
              IIF("MS_PERSON_ANCHOR"="mS-DS-ConsistencyGuid",
                  IIF(IsPresent([MS_PERSON_ANCHOR]),[MS_PERSON_ANCHOR],[objectGUID]),
                  NULL)),
          IIF("MS_PERSON_ANCHOR"="mS-DS-ConsistencyGuid",
              IIF(IsPresent([MS_PERSON_ANCHOR]),[MS_PERSON_ANCHOR],[objectGUID]),
              NULL))]]>
      </expression>
      <valueMergeType>Update</valueMergeType>
    </mapping>
    <mapping>
      <dest>sourceAnchor</dest>
      <src>
        <attr>MS_PERSON_ANCHOR</attr>
      </src>
      <expression always-flow="true">IIF(IsPresent([msExchRecipientTypeDetails]),IIF([msExchRecipientTypeDetails]=2,NULL,IIF("MS_PERSON_ANCHOR"="mS-DS-ConsistencyGuid",IIF(IsPresent([MS_PERSON_ANCHOR]),IIF(IsString([MS_PERSON_ANCHOR]),CStr([MS_PERSON_ANCHOR]),ConvertToBase64([MS_PERSON_ANCHOR])),IIF(IsString([objectGUID]),CStr([objectGUID]),ConvertToBase64([objectGUID]))),IIF(IsString([MS_PERSON_ANCHOR]),CStr([MS_PERSON_ANCHOR]),ConvertToBase64([MS_PERSON_ANCHOR])))),IIF("MS_PERSON_ANCHOR"="mS-DS-ConsistencyGuid",IIF(IsPresent([MS_PERSON_ANCHOR]),IIF(IsString([MS_PERSON_ANCHOR]),CStr([MS_PERSON_ANCHOR]),ConvertToBase64([MS_PERSON_ANCHOR])),IIF(IsString([objectGUID]),CStr([objectGUID]),ConvertToBase64([objectGUID]))),IIF(IsString([MS_PERSON_ANCHOR]),CStr([MS_PERSON_ANCHOR]),ConvertToBase64([MS_PERSON_ANCHOR]))))</expression>
      <valueMergeType>Update</valueMergeType>
    </mapping>
    <mapping>
      <dest>sourceObjectType</dest>
      <src>
        <attr>msExchRecipientTypeDetails</attr>
      </src>
      <expression always-flow="true">IIF(IsPresent([msExchRecipientTypeDetails]), IIF([msExchRecipientTypeDetails]=2, NULL, "User"), "User")</expression>
      <valueMergeType>Update</valueMergeType>
    </mapping>
    <mapping>
      <dest>st</dest>
      <src>
        <attr>st</attr>
      </src>
      <expression>Trim([st])</expression>
      <valueMergeType>Update</valueMergeType>
    </mapping>
    <mapping>
      <dest>streetAddress</dest>
      <src>
        <attr>streetAddress</attr>
      </src>
      <expression>Trim([streetAddress])</expression>
      <valueMergeType>Update</valueMergeType>
    </mapping>
    <mapping>
      <dest>telephoneNumber</dest>
      <src>
        <attr>telephoneNumber</attr>
      </src>
      <expression>Trim([telephoneNumber])</expression>
      <valueMergeType>Update</valueMergeType>
    </mapping>
    <mapping>
      <dest>thumbnailPhoto</dest>
      <src>
        <attr>thumbnailPhoto</attr>
      </src>
      <valueMergeType>Update</valueMergeType>
    </mapping>
    <mapping>
      <dest>title</dest>
      <src>
        <attr>title</attr>
      </src>
      <expression>Trim([title])</expression>
      <valueMergeType>Update</valueMergeType>
    </mapping>
    <mapping>
      <dest>userPrincipalName</dest>
      <src>
        <attr>MS_PERSON_UPN</attr>
        <attr>sAMAccountName</attr>
      </src>
      <expression>IIF(IsPresent([MS_PERSON_UPN]),[MS_PERSON_UPN], IIF(IsPresent([sAMAccountName]),([sAMAccountName]&amp;"@"&amp;%Domain.FQDN%),Error("AccountName is not present")))</expression>
      <valueMergeType>Update</valueMergeType>
    </mapping>
    <mapping>
      <dest>url</dest>
      <src>
        <attr>url</attr>
      </src>
      <expression>IIF(IsNullOrEmpty([url]),NULL,Left(Trim(Item([url],1)),448))</expression>
      <valueMergeType>Update</valueMergeType>
    </mapping>
    <mapping>
      <dest>wWWHomePage</dest>
      <src>
        <attr>wWWHomePage</attr>
      </src>
      <expression>Trim([wWWHomePage])</expression>
      <valueMergeType>Update</valueMergeType>
    </mapping>
  </attribute-mappings>
  <relationshipCriteria />
  <synchronizationCriteria>
    <conditions>

      <!--User write back specific - Filtering out cloud mastered users-->
      <scope>
        <csAttribute>adminDescription</csAttribute>
        <csOperator>NOTSTARTSWITH</csOperator>
        <csValue>User_</csValue>
      </scope>
      
    </conditions>
  </synchronizationCriteria>
</synchronizationRule>
