<!--FILEHASH:7Jsx6uB9UzL2ZF8x67QV6g==-->
<synchronizationRule>
  <id>{00000000-0000-0000-0000-000000000000}</id>
  <version>3</version>
  <name>In from AAD - Group SOAInAAD</name>
  <description>In from AAD - Group SOAInAAD</description>
  <immutable-tag>Microsoft.InfromAADGroupSOAInAAD.004</immutable-tag>
  <direction>Inbound</direction>
  <connector>{00000000-0000-0000-0000-000000000000}</connector>
  <sourceObjectType>group</sourceObjectType>
  <targetObjectType>group</targetObjectType>
  <linkType>Provision</linkType>
  <precedence>0</precedence>
  <precedence-after>{00000000-0000-0000-0000-000000000000}</precedence-after>
  <precedence-before>{00000000-0000-0000-0000-000000000000}</precedence-before>
  <softDeleteExpiryInterval>00:00:00</softDeleteExpiryInterval>
  <attribute-mappings>
    <mapping>
      <dest>cloudAnchor</dest>
      <src>
        <attr>cloudAnchor</attr>
      </src>
      <valueMergeType>Update</valueMergeType>
    </mapping>
    <mapping>
      <dest>description</dest>
      <src>
        <attr>description</attr>
      </src>
      <expression>IIF(IsNullOrEmpty([description]),NULL,Left(Trim([description]),448))</expression>
      <valueMergeType>Update</valueMergeType>
    </mapping>
    <mapping>
      <dest>displayName</dest>
      <src>
        <attr>displayName</attr>
      </src>
      <valueMergeType>Update</valueMergeType>
    </mapping>
    <mapping>
      <dest>mail</dest>
      <src>
        <attr>mail</attr>
      </src>
      <valueMergeType>Update</valueMergeType>
    </mapping>
    <mapping>
      <dest>mailNickname</dest>
      <src>
        <attr>alias</attr>
      </src>
      <valueMergeType>Update</valueMergeType>
    </mapping>
    <mapping>
      <dest>managedBy</dest>
      <src>
        <attr>managedBy</attr>
      </src>
      <valueMergeType>Update</valueMergeType>
    </mapping>
    <mapping>
      <dest>member</dest>
      <src>
        <attr>member</attr>
      </src>
      <valueMergeType>Update</valueMergeType>
    </mapping>
    <mapping>
      <dest>msExchCoManagedByLink</dest>
      <src>
        <attr>msExchCoManagedByLink</attr>
      </src>
      <valueMergeType>Update</valueMergeType>
    </mapping>
    <mapping>
      <dest>msExchRecipientTypeDetails</dest>
      <src>
        <attr>msExchRecipientTypeDetails</attr>
      </src>
      <valueMergeType>Update</valueMergeType>
    </mapping>
    <mapping>
      <dest>proxyAddresses</dest>
      <src>
        <attr>proxyAddresses</attr>
      </src>
      <valueMergeType>Update</valueMergeType>
    </mapping>
    <mapping>
      <dest>targetAddress</dest>
      <src>
        <attr>targetAddress</attr>
      </src>
      <valueMergeType>Update</valueMergeType>
    </mapping>
    <mapping>
      <dest>cloudMastered</dest>
      <src>
        <attr>cloudMastered</attr>
      </src>
      <valueMergeType>Update</valueMergeType>
    </mapping>
    <mapping>
      <dest>targetWritebackType</dest>
      <src>
        <attr>targetWritebackType</attr>
      </src>
      <valueMergeType>Update</valueMergeType>
    </mapping>
    <mapping>
      <dest>reasonFiltered</dest>
      <src>
        <attr>reasonFiltered</attr>
      </src>
      <valueMergeType>Update</valueMergeType>
    </mapping>
  </attribute-mappings>
  <relationshipCriteria>
    <conditions>
      <condition>
        <csAttribute>cloudAnchor</csAttribute>
        <ilmAttribute>cloudAnchor</ilmAttribute>
      </condition>
    </conditions>
  </relationshipCriteria>
  <synchronizationCriteria>
    <conditions>
      <scope>
        <csAttribute>cloudMastered</csAttribute>
        <csOperator>EQUAL</csOperator>
        <csValue>true</csValue>
      </scope>
    </conditions>
  </synchronizationCriteria>
</synchronizationRule>
