<!--FILEHASH:yVuqVwdMquq/Z6i/DBPyfA==-->
<synchronizationRule>
  <id>{00000000-0000-0000-0000-000000000000}</id>
  <version>1</version>
  <name>In from AAD - Device Join SOAInAAD</name>
  <description />
  <immutable-tag>Microsoft.InfromAADDeviceJoinSOAInAAD.001</immutable-tag>
  <direction>Inbound</direction>
  <connector>{00000000-0000-0000-0000-000000000000}</connector>
  <sourceObjectType>device</sourceObjectType>
  <targetObjectType>device</targetObjectType>
  <linkType>Provision</linkType>
  <precedence>0</precedence>
  <precedence-after>{00000000-0000-0000-0000-000000000000}</precedence-after>
  <softDeleteExpiryInterval>00:00:00</softDeleteExpiryInterval>
  <attribute-mappings>
    <mapping>
      <dest>cloudAnchor</dest>
      <src>
        <attr>cloudAnchor</attr>
      </src>
      <valueMergeType>Update</valueMergeType>
    </mapping>
    <mapping>
      <dest>accountEnabled</dest>
      <src>
        <attr>accountEnabled</attr>
      </src>
      <valueMergeType>Update</valueMergeType>
    </mapping>
    <mapping>
      <dest>deviceOSType</dest>
      <src>
        <attr>deviceOSType</attr>
      </src>
      <valueMergeType>Update</valueMergeType>
    </mapping>
    <mapping>
      <dest>deviceOSVersion</dest>
      <src>
        <attr>deviceOSVersion</attr>
      </src>
      <valueMergeType>Update</valueMergeType>
    </mapping>
    <mapping>
      <dest>displayName</dest>
      <src>
        <attr>displayName</attr>
      </src>
      <valueMergeType>Update</valueMergeType>
    </mapping>
    <mapping>
      <dest>deviceId</dest>
      <src>
        <attr>deviceId</attr>
      </src>
      <valueMergeType>Update</valueMergeType>
    </mapping>
    <mapping>
      <dest>deviceObjectVersion</dest>
      <src>
        <attr>deviceObjectVersion</attr>
      </src>
      <valueMergeType>Update</valueMergeType>
    </mapping>
    <mapping>
      <dest>devicePhysicalIds</dest>
      <src>
        <attr>devicePhysicalIds</attr>
      </src>
      <valueMergeType>Update</valueMergeType>
    </mapping>
  </attribute-mappings>
  <relationshipCriteria>
    <conditions>
      <condition>
        <caseSensitive>False</caseSensitive>
        <csAttribute>deviceId</csAttribute>
        <ilmAttribute>deviceId</ilmAttribute>
      </condition>
    </conditions>
  </relationshipCriteria>
  <synchronizationCriteria>
    <conditions>
      <scope>
        <csAttribute>cloudCreated</csAttribute>
        <csOperator>EQUAL</csOperator>
        <csValue>true</csValue>
      </scope>
    </conditions>   
  </synchronizationCriteria>
</synchronizationRule>