<!--FILEHASH:ra3xGd8KXkrOtuUWN7Jmgg==-->
<synchronizationRule>
    <id>{00000000-0000-0000-0000-000000000000}</id>
    <version>1</version>
    <name>In from AD LDAP - GroupOfNames</name>
    <description>In from AD LDAP - GroupOfNames</description>
    <immutable-tag>Microsoft.InfromADLDAPGroupOfNames.002</immutable-tag>
    <direction>Inbound</direction>
    <connector>{00000000-0000-0000-0000-000000000000}</connector>
    <sourceObjectType>groupOfNames</sourceObjectType>
    <targetObjectType>group</targetObjectType>
    <linkType>Provision</linkType>
    <precedence>0</precedence>
    <precedence-after>{00000000-0000-0000-0000-000000000000}</precedence-after>
    <softDeleteExpiryInterval>00:00:00</softDeleteExpiryInterval>
    <attribute-mappings>
        <mapping>
          <dest>distinguishedName</dest>
          <src>
            <attr>dn</attr>
          </src>
          <valueMergeType>Update</valueMergeType>
        </mapping>
        <mapping>
            <dest>accountName</dest>
            <src>
                <attr>adminDisplayName</attr>
            </src>
            <valueMergeType>Update</valueMergeType>
        </mapping>
        <mapping>
            <dest>cn</dest>
            <src>
                <attr>cn</attr>
            </src>
            <valueMergeType>Update</valueMergeType>
        </mapping>
        <mapping>
            <dest>description</dest>
            <src>
                <attr>description</attr>
            </src>
            <expression>IIF(IsNullOrEmpty([description]),NULL,Left(Trim(Item([description],1)),448))</expression>
            <valueMergeType>Update</valueMergeType>
        </mapping>
        <mapping>
            <dest>displayName</dest>
            <src>
                <attr>displayName</attr>
                <attr>cn</attr>
            </src>
            <expression>IIF(IsNullOrEmpty([displayName]),[cn],[displayName])</expression>
            <valueMergeType>Update</valueMergeType>
        </mapping>
        <mapping>
            <dest>info</dest>
            <src>
                <attr>info</attr>
            </src>
            <expression>Left(Trim([info]),448)</expression>
            <valueMergeType>Update</valueMergeType>
        </mapping>
        <mapping>
            <dest>mail</dest>
            <src>
                <attr>mail</attr>
            </src>
            <expression>Trim([mail])</expression>
            <valueMergeType>Update</valueMergeType>
        </mapping>
        <mapping>
            <dest>mailEnabled</dest>
            <src>
                <attr>proxyAddresses</attr>
                <attr>mail</attr>
            </src>
            <expression>IIF(( (IsPresent([proxyAddresses]) = True) &amp;&amp; (Contains([proxyAddresses], "SMTP:") &gt; 0) &amp;&amp; (InStr(Item([proxyAddresses], Contains([proxyAddresses], "SMTP:")), "@") &gt; 0)) ||  (IsPresent([mail]) = True &amp;&amp; (InStr([mail], "@") &gt; 0)), True, False)</expression>
            <valueMergeType>Update</valueMergeType>
        </mapping>
        <mapping>
            <dest>managedBy</dest>
            <src>
                <attr>managedBy</attr>
            </src>
            <valueMergeType>Update</valueMergeType>
        </mapping>
        <mapping>
            <dest>memberCount</dest>
            <src>
                <attr>member</attr>
            </src>
            <expression>IIF(IsNullOrEmpty([member]),0,ValueCount("member"))</expression>
            <valueMergeType>Update</valueMergeType>
        </mapping>
        <mapping>
            <dest>member</dest>
            <src>
                <attr>member</attr>
            </src>
            <valueMergeType>Update</valueMergeType>
        </mapping>
        <mapping>
            <dest>msDS-HABSeniorityIndex</dest>
            <src>
                <attr>msDS-HABSeniorityIndex</attr>
            </src>
            <valueMergeType>Update</valueMergeType>
        </mapping>
        <mapping>
            <dest>proxyAddresses</dest>
            <src>
                <attr>proxyAddresses</attr>
            </src>
            <expression>RemoveDuplicates(Trim(ImportedValue("proxyAddresses")))</expression>
            <valueMergeType>Update</valueMergeType>
        </mapping>
        <mapping>
            <dest>securityEnabled</dest>
            <src>
                <attr>groupType</attr>
            </src>
            <expression>CBool(BitAnd([groupType],-2147483648))</expression>
            <valueMergeType>Update</valueMergeType>
        </mapping>
        <mapping>
            <dest>o</dest>
            <src>
                <attr>o</attr>
            </src>
            <expression>IIF(IsNullOrEmpty([o]),NULL,Left(Trim(Item([o],1)),448))</expression>
            <valueMergeType>Update</valueMergeType>
        </mapping>
        <mapping>
            <dest>owner</dest>
            <src>
                <attr>owner</attr>
            </src>
            <valueMergeType>Update</valueMergeType>
        </mapping>
        <mapping>
            <dest>seeAlso</dest>
            <src>
                <attr>seeAlso</attr>
            </src>
            <valueMergeType>Update</valueMergeType>
        </mapping>
        <mapping>
            <dest>objectType</dest>
            <src>Group</src>
            <valueMergeType>Update</valueMergeType>
        </mapping>
        <mapping>
            <dest>securityEnabled</dest>
            <src>True</src>
            <valueMergeType>Update</valueMergeType>
        </mapping>
        <mapping>
            <dest>sourceAnchor</dest>
            <src>
                <attr>objectGUID</attr>
            </src>
            <expression>ConvertToBase64([objectGUID])</expression>
            <valueMergeType>Update</valueMergeType>
        </mapping>
    </attribute-mappings>
    <relationshipCriteria>
        <conditions>
            <condition>
                <csAttribute>objectGUID</csAttribute>
                <ilmAttribute>sourceAnchorBinary</ilmAttribute>
            </condition>
        </conditions>
    </relationshipCriteria>
    <synchronizationCriteria>
        <conditions>
            <scope>
                <csAttribute>isCriticalSystemObject</csAttribute>
                <csOperator>NOTEQUAL</csOperator>
                <csValue>True</csValue>
            </scope>
            <!--Group write back specific - Filtering out cloud mastered groups-->
            <scope>
                <csAttribute>adminDescription</csAttribute>
                <csOperator>NOTSTARTSWITH</csOperator>
                <csValue>Group_</csValue>
            </scope>
        </conditions>
    </synchronizationCriteria>
</synchronizationRule>