<!--FILEHASH:5bz0xitGT6yX6N7Fw3+fdw==-->
<synchronizationRule>
  <id>{00000000-0000-0000-0000-000000000000}</id>
  <version>1</version>
  <name>In from AD - InetOrgPerson Lync</name>
  <description>Lync attribute for a InetOrgPerson object.</description>
  <direction>Inbound</direction>
  <connector>{00000000-0000-0000-0000-000000000000}</connector>
  <sourceObjectType>inetOrgPerson</sourceObjectType>
  <targetObjectType>person</targetObjectType>
  <linkType>Join</linkType>
  <precedence>0</precedence>
  <softDeleteExpiryInterval>00:00:00</softDeleteExpiryInterval>
  <attribute-mappings>
    <mapping>
      <dest>msRTCSIP-ApplicationOptions</dest>
      <src>
        <attr>msRTCSIP-ApplicationOptions</attr>
      </src>
      <valueMergeType>Update</valueMergeType>
    </mapping>
    <mapping>
      <dest>msRTCSIP-DeploymentLocator</dest>
      <src>
        <attr>msRTCSIP-DeploymentLocator</attr>
      </src>
      <valueMergeType>Update</valueMergeType>
    </mapping>
    <mapping>
      <dest>msRTCSIP-Line</dest>
      <src>
        <attr>msRTCSIP-Line</attr>
      </src>
      <valueMergeType>Update</valueMergeType>
    </mapping>
    <mapping>
      <dest>msRTCSIP-OwnerUrn</dest>
      <src>
        <attr>msRTCSIP-OwnerUrn</attr>
      </src>
      <valueMergeType>Update</valueMergeType>
    </mapping>
    <mapping>
      <dest>msRTCSIP-PrimaryUserAddress</dest>
      <src>
        <attr>msRTCSIP-PrimaryUserAddress</attr>
      </src>
      <valueMergeType>Update</valueMergeType>
    </mapping>
    <mapping>
      <dest>msRTCSIP-UserEnabled</dest>
      <src>
        <attr>msRTCSIP-UserEnabled</attr>
      </src>
      <valueMergeType>Update</valueMergeType>
    </mapping>
    <mapping>
      <dest>msRTCSIP-OptionFlags</dest>
      <src>
        <attr>msRTCSIP-OptionFlags</attr>
      </src>
      <valueMergeType>Update</valueMergeType>
    </mapping>
  </attribute-mappings>
  <relationshipCriteria />
  <synchronizationCriteria />
  <immutable-tag>Microsoft.InfromADInetOrgPersonLync.003</immutable-tag>
</synchronizationRule>