<!--FILEHASH:6aqT5xU4ZqQUxgR2/tY1JQ==-->
<synchronizationRule>
    <id>{00000000-0000-0000-0000-000000000000}</id>
    <version>1</version>
    <name>In from AAD - User NGCKey</name>
    <description />
    <immutable-tag>Microsoft.InfromAADUserNGCKey.001</immutable-tag>
    <direction>Inbound</direction>
    <connector>{00000000-0000-0000-0000-000000000000}</connector>
    <sourceObjectType>user</sourceObjectType>
    <targetObjectType>person</targetObjectType>
    <linkType>Join</linkType>
    <precedence>0</precedence>
    <precedence-after>{00000000-0000-0000-0000-000000000000}</precedence-after>
    <softDeleteExpiryInterval>00:00:00</softDeleteExpiryInterval>
    <attribute-mappings>
        <mapping>
            <dest>deviceKey</dest>
            <src>
                <attr>searchableDeviceKey</attr>
            </src>
            <expression>IIF(IsNull([searchableDeviceKey]), NULL, IIF(CNum(Mid([searchableDeviceKey],1,1))=0, Mid([searchableDeviceKey],1,7+CNum(Mid([searchableDeviceKey],5,2))) &amp; CBin(Len(Thumbprint(Mid([searchableDeviceKey],8+CNum(Mid([searchableDeviceKey],5,2)),Len([searchableDeviceKey])))),2) &amp; CBin(2,1) &amp; Thumbprint(Mid([searchableDeviceKey],8+CNum(Mid([searchableDeviceKey],5,2)),Len([searchableDeviceKey]))) &amp; Mid([searchableDeviceKey],8+CNum(Mid([searchableDeviceKey],5,2)),Len([searchableDeviceKey])), NULL))</expression>
            <valueMergeType>Update</valueMergeType>
        </mapping>
    </attribute-mappings>
    <relationshipCriteria/>
    <synchronizationCriteria/>
</synchronizationRule>