<!--FILEHASH:0/Dpl/E0A8G9C9L6dqVJgg==-->
<synchronizationRule>
  <id>{00000000-0000-0000-0000-000000000000}</id>
  <version>1</version>
  <name>In from AD - Contact Filtering</name>
  <description>Contact object with default Active Directory schema.</description>
  <immutable-tag>Microsoft.InfromADContactGroupFiltering.003</immutable-tag>
  <direction>Inbound</direction>
  <connector>{00000000-0000-0000-0000-000000000000}</connector>
  <sourceObjectType>contact</sourceObjectType>
  <targetObjectType>person</targetObjectType>
  <linkType>Join</linkType>
  <precedence>0</precedence>
  <precedence-after>{00000000-0000-0000-0000-000000000000}</precedence-after>
  <softDeleteExpiryInterval>00:00:00</softDeleteExpiryInterval>
  <attribute-mappings>
    <mapping>
      <dest>cloudFiltered</dest>
      <src>True</src>
    </mapping>
  </attribute-mappings>
  <relationshipCriteria>
    <conditions>
      <condition>
        <csAttribute>mail</csAttribute>
        <ilmAttribute>mail</ilmAttribute>
      </condition>
    </conditions>
  </relationshipCriteria>
  <synchronizationCriteria>
    <conditions>
      <scope>
        <csAttribute></csAttribute>
        <csOperator>ISNOTMEMBEROF</csOperator>
        <csValue>%Connector.GroupFilteringGroupDn%</csValue>
      </scope>
    </conditions>
  </synchronizationCriteria>
</synchronizationRule>
