<!--FILEHASH:5YfwlYZHt1iK5wJbTe4+5A==-->
<synchronizationRule>
  <id>{00000000-0000-0000-0000-000000000000}</id>
  <version>1</version>
  <name>In from AD - InetOrgPerson AccountEnabled</name>
  <description />
  <immutable-tag>Microsoft.InfromADInetOrgPersonAccountEnabled.006</immutable-tag>
  <direction>Inbound</direction>
  <connector>{00000000-0000-0000-0000-000000000000}</connector>
  <sourceObjectType>inetOrgPerson</sourceObjectType>
  <targetObjectType>person</targetObjectType>
  <linkType>Join</linkType>
  <precedence>0</precedence>
  <precedence-after>{00000000-0000-0000-0000-000000000000}</precedence-after>
  <softDeleteExpiryInterval>00:00:00</softDeleteExpiryInterval>
  <attribute-mappings>
    <mapping>
      <dest>accountEnabled</dest>
      <src>True</src>
      <valueMergeType>Update</valueMergeType>
    </mapping>
    <mapping>
      <dest>cn</dest>
      <src>
        <attr>cn</attr>
      </src>
      <valueMergeType>Update</valueMergeType>
    </mapping>
    <mapping>
      <dest>contributingConnectorUser</dest>
      <expression>%Connector.ID%</expression>
      <valueMergeType>Update</valueMergeType>
    </mapping>
    <mapping>
      <dest>domainFQDN</dest>
      <expression>%Domain.FQDN%</expression>
      <valueMergeType>Update</valueMergeType>
    </mapping>
    <mapping>
      <dest>domainNetBios</dest>
      <expression>%Domain.Netbios%</expression>
      <valueMergeType>Update</valueMergeType>
    </mapping>
    <mapping>
      <dest>forestFQDN</dest>
      <expression>%Forest.FQDN%</expression>
      <valueMergeType>Update</valueMergeType>
    </mapping>
    <mapping>
      <dest>forestNetBios</dest>
      <expression>%Forest.Netbios%</expression>
      <valueMergeType>Update</valueMergeType>
    </mapping>
    <mapping>
      <dest>objectSid</dest>
      <src>
        <attr>objectSid</attr>
      </src>
      <valueMergeType>Update</valueMergeType>
    </mapping>
    <mapping>
      <dest>objectSidString</dest>
      <src>
        <attr>objectSid</attr>
      </src>
      <expression>StringFromSid([objectSid])</expression>
      <valueMergeType>Update</valueMergeType>
    </mapping>
    <mapping>
      <dest>pwdLastSet</dest>
      <src>
        <attr>pwdLastSet</attr>
      </src>
      <expression>IIF(IsPresent([pwdLastSet]),CStr(FormatDateTime(DateFromNum([pwdLastSet]),"yyyyMMddHHmmss.0Z")),NULL)</expression>
      <valueMergeType>Update</valueMergeType>
    </mapping>
    <mapping>
      <dest>sourceAnchorBinary</dest>
      <src>
        <attr>MS_PERSON_ANCHOR</attr>
      </src>
      <expression always-flow="true"><![CDATA[
      IIF(IsPresent([msExchRecipientTypeDetails]),
          IIF([msExchRecipientTypeDetails]=2,NULL,
              IIF("MS_PERSON_ANCHOR"="mS-DS-ConsistencyGuid",
                  IIF(IsPresent([MS_PERSON_ANCHOR]),[MS_PERSON_ANCHOR],[objectGUID]),
                  NULL)),
          IIF("MS_PERSON_ANCHOR"="mS-DS-ConsistencyGuid",
              IIF(IsPresent([MS_PERSON_ANCHOR]),[MS_PERSON_ANCHOR],[objectGUID]),
              NULL))]]>
      </expression>
      <valueMergeType>Update</valueMergeType>
    </mapping>
    <mapping>
      <dest>sourceAnchor</dest>
      <src>
        <attr>MS_PERSON_ANCHOR</attr>
      </src>
      <expression always-flow="true">IIF(IsPresent([msExchRecipientTypeDetails]),IIF([msExchRecipientTypeDetails]=2,NULL,IIF("MS_PERSON_ANCHOR"="mS-DS-ConsistencyGuid",IIF(IsPresent([MS_PERSON_ANCHOR]),IIF(IsString([MS_PERSON_ANCHOR]),CStr([MS_PERSON_ANCHOR]),ConvertToBase64([MS_PERSON_ANCHOR])),IIF(IsString([objectGUID]),CStr([objectGUID]),ConvertToBase64([objectGUID]))),IIF(IsString([MS_PERSON_ANCHOR]),CStr([MS_PERSON_ANCHOR]),ConvertToBase64([MS_PERSON_ANCHOR])))),IIF("MS_PERSON_ANCHOR"="mS-DS-ConsistencyGuid",IIF(IsPresent([MS_PERSON_ANCHOR]),IIF(IsString([MS_PERSON_ANCHOR]),CStr([MS_PERSON_ANCHOR]),ConvertToBase64([MS_PERSON_ANCHOR])),IIF(IsString([objectGUID]),CStr([objectGUID]),ConvertToBase64([objectGUID]))),IIF(IsString([MS_PERSON_ANCHOR]),CStr([MS_PERSON_ANCHOR]),ConvertToBase64([MS_PERSON_ANCHOR]))))</expression>
      <valueMergeType>Update</valueMergeType>
    </mapping>
    <mapping>
      <dest>userPrincipalName</dest>
      <src>
        <attr>MS_PERSON_UPN</attr>
        <attr>sAMAccountName</attr>
      </src>
      <expression>IIF(IsPresent([MS_PERSON_UPN]),[MS_PERSON_UPN], IIF(IsPresent([sAMAccountName]),([sAMAccountName]&amp;"@"&amp;%Domain.FQDN%),Error("AccountName is not present")))</expression>
      <valueMergeType>Update</valueMergeType>
    </mapping>
  </attribute-mappings>
  <relationshipCriteria />
  <synchronizationCriteria>
    <conditions>
      <scope>
        <csAttribute>userAccountControl</csAttribute>
        <csOperator>ISBITNOTSET</csOperator>
        <csValue>2</csValue>
      </scope>
    </conditions>
  </synchronizationCriteria>
</synchronizationRule>