<!--FILEHASH:uKhtS9HdKr7FB5TRj/H7UA==-->
<synchronizationRule>
  <id>{00000000-0000-0000-0000-000000000000}</id>
  <version>1</version>
  <name>In from AAD - User Join SOAInAAD</name>
  <description />
  <immutable-tag>Microsoft.InfromAADUserJoinSOAInAAD.002</immutable-tag>
  <direction>Inbound</direction>
  <connector>{00000000-0000-0000-0000-000000000000}</connector>
  <sourceObjectType>user</sourceObjectType>
  <targetObjectType>person</targetObjectType>
  <linkType>Provision</linkType>
  <precedence>0</precedence>
  <EnablePasswordSync>true</EnablePasswordSync>
  <precedence-after>{00000000-0000-0000-0000-000000000000}</precedence-after>
  <softDeleteExpiryInterval>00:00:00</softDeleteExpiryInterval>
  <attribute-mappings>
   
    <!--Attributes of interest-->
    <mapping>
      <dest>cloudMastered</dest>
      <src>
        <attr>cloudMastered</attr>
      </src>
      <valueMergeType>Update</valueMergeType>
    </mapping>
    <mapping>
      <dest>cloudAnchor</dest>
      <src>
        <attr>cloudAnchor</attr>
      </src>
      <valueMergeType>Update</valueMergeType>
    </mapping>
    
    <!--Remaining attributes-->
    <mapping>
      <dest>accountEnabled</dest>
      <src>
        <attr>accountEnabled</attr>
      </src>
      <valueMergeType>Update</valueMergeType>
    </mapping>
    <mapping>
      <dest>accountName</dest>
      <src>
        <attr>alias</attr>
      </src>
      <valueMergeType>Update</valueMergeType>
    </mapping>
    <mapping>
      <dest>assistant</dest>
      <src>
        <attr>assistant</attr>
      </src>
      <valueMergeType>Update</valueMergeType>
    </mapping>
    <mapping>
      <dest>c</dest>
      <src>
        <attr>countryLetterCode</attr>
      </src>
      <valueMergeType>Update</valueMergeType>
    </mapping>
    <mapping>
      <dest>co</dest>
      <src>
        <attr>country</attr>
      </src>
      <valueMergeType>Update</valueMergeType>
    </mapping>
    <mapping>
      <dest>company</dest>
      <src>
        <attr>company</attr>
      </src>
      <valueMergeType>Update</valueMergeType>
    </mapping>
    <mapping>
      <dest>countryCode</dest>
      <src>
        <attr>countryCode</attr>
      </src>
      <valueMergeType>Update</valueMergeType>
    </mapping>
    <mapping>
      <dest>department</dest>
      <src>
        <attr>department</attr>
      </src>
      <valueMergeType>Update</valueMergeType>
    </mapping>
    <mapping>
      <dest>description</dest>
      <src>
        <attr>description</attr>
      </src>
      <valueMergeType>Update</valueMergeType>
    </mapping>
    <mapping>
      <dest>displayName</dest>
      <src>
        <attr>displayName</attr>
      </src>
      <valueMergeType>Update</valueMergeType>
    </mapping>
    <mapping>
      <dest>dLMemRejectPerms</dest>
      <src>
        <attr>dLMemRejectPerms</attr>
      </src>
      <valueMergeType>Update</valueMergeType>
    </mapping>
    <mapping>
      <dest>dLMemSubmitPerms</dest>
      <src>
        <attr>dLMemSubmitPerms</attr>
      </src>
      <valueMergeType>Update</valueMergeType>
    </mapping>
    <mapping>
      <dest>extensionAttribute1</dest>
      <src>
        <attr>extensionAttribute1</attr>
      </src>
      <valueMergeType>Update</valueMergeType>
    </mapping>
    <mapping>
      <dest>extensionAttribute2</dest>
      <src>
        <attr>extensionAttribute2</attr>
      </src>
      <valueMergeType>Update</valueMergeType>
    </mapping>
    <mapping>
      <dest>extensionAttribute3</dest>
      <src>
        <attr>extensionAttribute3</attr>
      </src>
      <valueMergeType>Update</valueMergeType>
    </mapping>
    <mapping>
      <dest>extensionAttribute4</dest>
      <src>
        <attr>extensionAttribute4</attr>
      </src>
      <valueMergeType>Update</valueMergeType>
    </mapping>
    <mapping>
      <dest>extensionAttribute5</dest>
      <src>
        <attr>extensionAttribute5</attr>
      </src>
      <valueMergeType>Update</valueMergeType>
    </mapping>
    <mapping>
      <dest>extensionAttribute6</dest>
      <src>
        <attr>extensionAttribute6</attr>
      </src>
      <valueMergeType>Update</valueMergeType>
    </mapping>
    <mapping>
      <dest>extensionAttribute7</dest>
      <src>
        <attr>extensionAttribute7</attr>
      </src>
      <valueMergeType>Update</valueMergeType>
    </mapping>
    <mapping>
      <dest>extensionAttribute8</dest>
      <src>
        <attr>extensionAttribute8</attr>
      </src>
      <valueMergeType>Update</valueMergeType>
    </mapping>
    <mapping>
      <dest>extensionAttribute9</dest>
      <src>
        <attr>extensionAttribute9</attr>
      </src>
      <valueMergeType>Update</valueMergeType>
    </mapping>
    <mapping>
      <dest>extensionAttribute10</dest>
      <src>
        <attr>extensionAttribute10</attr>
      </src>
      <valueMergeType>Update</valueMergeType>
    </mapping>
    <mapping>
      <dest>extensionAttribute11</dest>
      <src>
        <attr>extensionAttribute11</attr>
      </src>
      <valueMergeType>Update</valueMergeType>
    </mapping>
    <mapping>
      <dest>extensionAttribute12</dest>
      <src>
        <attr>extensionAttribute12</attr>
      </src>
      <valueMergeType>Update</valueMergeType>
    </mapping>
    <mapping>
      <dest>extensionAttribute13</dest>
      <src>
        <attr>extensionAttribute13</attr>
      </src>
      <valueMergeType>Update</valueMergeType>
    </mapping>
    <mapping>
      <dest>extensionAttribute14</dest>
      <src>
        <attr>extensionAttribute14</attr>
      </src>
      <valueMergeType>Update</valueMergeType>
    </mapping>
    <mapping>
      <dest>extensionAttribute15</dest>
      <src>
        <attr>extensionAttribute15</attr>
      </src>
      <valueMergeType>Update</valueMergeType>
    </mapping>
    <mapping>
      <dest>facsimileTelephoneNumber</dest>
      <src>
        <attr>facsimileTelephoneNumber</attr>
      </src>
      <valueMergeType>Update</valueMergeType>
    </mapping>
    <mapping>
      <dest>givenName</dest>
      <src>
        <attr>givenName</attr>
      </src>
      <valueMergeType>Update</valueMergeType>
    </mapping>
    <mapping>
      <dest>homePhone</dest>
      <src>
        <attr>homePhone</attr>
      </src>
      <valueMergeType>Update</valueMergeType>
    </mapping>
    <mapping>
      <dest>info</dest>
      <src>
        <attr>info</attr>
      </src>
      <valueMergeType>Update</valueMergeType>
    </mapping>
    <mapping>
      <dest>initials</dest>
      <src>
        <attr>initials</attr>
      </src>
      <valueMergeType>Update</valueMergeType>
    </mapping>
    <mapping>
      <dest>l</dest>
      <src>
        <attr>city</attr>
      </src>
      <valueMergeType>Update</valueMergeType>
    </mapping>
    <mapping>
      <dest>mail</dest>
      <src>
        <attr>mail</attr>
      </src>
      <valueMergeType>Update</valueMergeType>
    </mapping>
    <mapping>
      <dest>mailNickname</dest>
      <src>
        <attr>alias</attr>
      </src>
      <valueMergeType>Update</valueMergeType>
    </mapping>
    <mapping>
      <dest>manager</dest>
      <src>
        <attr>manager</attr>
      </src>
      <valueMergeType>Update</valueMergeType>
    </mapping>
    <mapping>
      <dest>middleName</dest>
      <src>
        <attr>middleName</attr>
      </src>
      <valueMergeType>Update</valueMergeType>
    </mapping>
    <mapping>
      <dest>mobile</dest>
      <src>
        <attr>mobile</attr>
      </src>
      <valueMergeType>Update</valueMergeType>
    </mapping>
    <mapping>
      <dest>otherFacsimileTelephoneNumber</dest>
      <src>
        <attr>otherFacsimileTelephoneNumber</attr>
      </src>
      <valueMergeType>Update</valueMergeType>
    </mapping>
    <mapping>
      <dest>otherHomePhone</dest>
      <src>
        <attr>otherHomePhone</attr>
      </src>
      <valueMergeType>Update</valueMergeType>
    </mapping>
    <mapping>
      <dest>otherTelephone</dest>
      <src>
        <attr>otherTelephone</attr>
      </src>
      <valueMergeType>Update</valueMergeType>
    </mapping>
    <mapping>
      <dest>pager</dest>
      <src>
        <attr>pager</attr>
      </src>
      <valueMergeType>Update</valueMergeType>
    </mapping>
    <mapping>
      <dest>physicalDeliveryOfficeName</dest>
      <src>
        <attr>physicalDeliveryOfficeName</attr>
      </src>
      <valueMergeType>Update</valueMergeType>
    </mapping>
    <mapping>
      <dest>postalCode</dest>
      <src>
        <attr>postalCode</attr>
      </src>
      <valueMergeType>Update</valueMergeType>
    </mapping>
    <mapping>
      <dest>postOfficeBox</dest>
      <src>
        <attr>postOfficeBox</attr>
      </src>
      <valueMergeType>Update</valueMergeType>
    </mapping>
    <mapping>
      <dest>preferredLanguage</dest>
      <src>
        <attr>preferredLanguage</attr>
      </src>
      <valueMergeType>Update</valueMergeType>
    </mapping>
    <mapping>
      <dest>sn</dest>
      <src>
        <attr>surname</attr>
      </src>
      <valueMergeType>Update</valueMergeType>
    </mapping>
    <mapping>
      <dest>st</dest>
      <src>
        <attr>state</attr>
      </src>
      <valueMergeType>Update</valueMergeType>
    </mapping>
    <mapping>
      <dest>streetAddress</dest>
      <src>
        <attr>streetAddress</attr>
      </src>
      <valueMergeType>Update</valueMergeType>
    </mapping>
    <mapping>
      <dest>telephoneNumber</dest>
      <src>
        <attr>telephoneNumber</attr>
      </src>
      <valueMergeType>Update</valueMergeType>
    </mapping>
    <mapping>
      <dest>thumbnailPhoto</dest>
      <src>
        <attr>thumbnailPhoto</attr>
      </src>
      <valueMergeType>Update</valueMergeType>
    </mapping>
    <mapping>
      <dest>title</dest>
      <src>
        <attr>title</attr>
      </src>
      <valueMergeType>Update</valueMergeType>
    </mapping>
    <mapping>
      <dest>url</dest>
      <src>
        <attr>url</attr>
      </src>
      <valueMergeType>Update</valueMergeType>
    </mapping>
    <mapping>
      <dest>userPrincipalName</dest>
      <src>
        <attr>userPrincipalName</attr>
      </src>
      <valueMergeType>Update</valueMergeType>
    </mapping>
    <mapping>
      <dest>wWWHomePage</dest>
      <src>
        <attr>wWWHomePage</attr>
      </src>
      <valueMergeType>Update</valueMergeType>
    </mapping>
  </attribute-mappings>
  <relationshipCriteria>
    <conditions>
      <condition>
        <caseSensitive>False</caseSensitive>
        <csAttribute>cloudAnchor</csAttribute>
        <ilmAttribute>cloudAnchor</ilmAttribute>
      </condition>
    </conditions>
  </relationshipCriteria>
  <synchronizationCriteria>
    <conditions>
      
      <scope>
        <csAttribute>cloudMastered</csAttribute>
        <csOperator>EQUAL</csOperator>
        <csValue>True</csValue>
      </scope>
      
      <!--Filtering out external users that do not belong to the domain owned by the tenant-->
      <scope>
        <csAttribute>userPrincipalName</csAttribute>
        <csOperator>NOTCONTAINS</csOperator>
        <csValue>#EXT#</csValue>
      </scope>
      
    </conditions>
  </synchronizationCriteria>
</synchronizationRule>