﻿<!--FILEHASH:V7AiSqUpm1TK5WzceeNPnw==-->
<synchronizationRule>
  <id>{00000000-0000-0000-0000-000000000000}</id>
  <version>1</version>
  <name>In from AAD - ExchangeMailPublicFolder Join</name>
  <description />
  <immutable-tag>Microsoft.InfromAADExchangeMailPublicFolderJoin.001</immutable-tag>
  <direction>Inbound</direction>
  <connector>{00000000-0000-0000-0000-000000000000}</connector>
  <sourceObjectType>publicFolder</sourceObjectType>
  <targetObjectType>publicFolder</targetObjectType>
  <linkType>Join</linkType>
  <precedence>0</precedence>
  <precedence-after>{00000000-0000-0000-0000-000000000000}</precedence-after>
  <softDeleteExpiryInterval>00:00:00</softDeleteExpiryInterval>
  <attribute-mappings>
    <mapping>
      <dest>displayName</dest>
      <src>
        <attr>displayName</attr>
      </src>
      <valueMergeType>Update</valueMergeType>
    </mapping>
    <mapping>
      <dest>msExchRecipientTypeDetails</dest>
      <src>
        <attr>msExchRecipientTypeDetails</attr>
      </src>
      <valueMergeType>Update</valueMergeType>
    </mapping>
    <mapping>
      <dest>proxyAddresses</dest>
      <src>
        <attr>proxyAddresses</attr>
      </src>
      <valueMergeType>Update</valueMergeType>
    </mapping>
    <mapping>
      <dest>mail</dest>
      <src>
        <attr>mail</attr>
      </src>
      <valueMergeType>Update</valueMergeType>
    </mapping>
    <mapping>
      <dest>sourceAnchor</dest>
      <src>
        <attr>sourceAnchor</attr>
      </src>
      <valueMergeType>Update</valueMergeType>
    </mapping>
    <mapping>
      <dest>targetAddress</dest>
      <src>
        <attr>targetAddress</attr>
      </src>
      <expression>IIF(IsNullOrEmpty([targetAddress]),NULL,[targetAddress])</expression>
      <valueMergeType>Update</valueMergeType>
    </mapping>
  </attribute-mappings>
  <relationshipCriteria>
    <conditions>
      <condition>
        <csAttribute>sourceAnchor</csAttribute>
        <ilmAttribute>sourceAnchor</ilmAttribute>
      </condition>
    </conditions>
  </relationshipCriteria>
</synchronizationRule>