<!--FILEHASH:SCngwJ1pqidrR0fcxrIt/Q==-->
<synchronizationRule>
  <id>{00000000-0000-0000-0000-000000000000}</id>
  <version>1</version>
  <name>In from AD - User Join SOAInAAD</name>
  <description />
  <immutable-tag>Microsoft.InfromADUserJoinSOAInAAD.004</immutable-tag>
  <direction>Inbound</direction>
  <connector>{00000000-0000-0000-0000-000000000000}</connector>
  <sourceObjectType>user</sourceObjectType>
  <targetObjectType>person</targetObjectType>
  <linkType>Join</linkType>
  <precedence>0</precedence>
  <precedence-after>{00000000-0000-0000-0000-000000000000}</precedence-after>
  <precedence-before>{00000000-0000-0000-0000-000000000000}</precedence-before>
  <softDeleteExpiryInterval>00:00:00</softDeleteExpiryInterval>
  
  <attribute-mappings>
    <mapping>
      <dest>sourceAnchor</dest>
      <src>
        <attr>MS_PERSON_ANCHOR</attr>
      </src>
      <expression always-flow="true">IIF(IsPresent([msExchRecipientTypeDetails]),IIF([msExchRecipientTypeDetails]=2,NULL,IIF("MS_PERSON_ANCHOR"="mS-DS-ConsistencyGuid",IIF(IsPresent([MS_PERSON_ANCHOR]),IIF(IsString([MS_PERSON_ANCHOR]),CStr([MS_PERSON_ANCHOR]),ConvertToBase64([MS_PERSON_ANCHOR])),IIF(IsString([objectGUID]),CStr([objectGUID]),ConvertToBase64([objectGUID]))),IIF(IsString([MS_PERSON_ANCHOR]),CStr([MS_PERSON_ANCHOR]),ConvertToBase64([MS_PERSON_ANCHOR])))),IIF("MS_PERSON_ANCHOR"="mS-DS-ConsistencyGuid",IIF(IsPresent([MS_PERSON_ANCHOR]),IIF(IsString([MS_PERSON_ANCHOR]),CStr([MS_PERSON_ANCHOR]),ConvertToBase64([MS_PERSON_ANCHOR])),IIF(IsString([objectGUID]),CStr([objectGUID]),ConvertToBase64([objectGUID]))),IIF(IsString([MS_PERSON_ANCHOR]),CStr([MS_PERSON_ANCHOR]),ConvertToBase64([MS_PERSON_ANCHOR]))))</expression>
      <valueMergeType>Update</valueMergeType>
    </mapping>
    <mapping>
      <dest>sourceAnchorBinary</dest>
      <src>
        <attr>MS_PERSON_ANCHOR</attr>
      </src>
      <expression always-flow="true"><![CDATA[
      IIF(IsPresent([msExchRecipientTypeDetails]),
          IIF([msExchRecipientTypeDetails]=2,NULL,
              IIF("MS_PERSON_ANCHOR"="mS-DS-ConsistencyGuid",
                  IIF(IsPresent([MS_PERSON_ANCHOR]),[MS_PERSON_ANCHOR],[objectGUID]),
                  NULL)),
          IIF("MS_PERSON_ANCHOR"="mS-DS-ConsistencyGuid",
              IIF(IsPresent([MS_PERSON_ANCHOR]),[MS_PERSON_ANCHOR],[objectGUID]),
              NULL))]]>
      </expression>
      <valueMergeType>Update</valueMergeType>
    </mapping>
  </attribute-mappings>
  
  <relationshipCriteria>
    <conditions>
      <condition>
        <csAttribute>adminDescription</csAttribute>
        <ilmAttribute>cloudAnchor</ilmAttribute>
      </condition>
    </conditions>
  </relationshipCriteria>
  
  <synchronizationCriteria>
    <conditions>
      <scope>
        <csAttribute>adminDescription</csAttribute>
        <csOperator>STARTSWITH</csOperator>
        <csValue>User_</csValue>
      </scope>
    </conditions>
  </synchronizationCriteria>

</synchronizationRule>