<!--FILEHASH:GXn8qwkn/7ehm7QuRf4Gig==-->
<synchronizationRule>
  <id>{00000000-0000-0000-0000-000000000000}</id>
  <version>1</version>
  <name>In from AAD - User Join</name>
  <description />
  <immutable-tag>Microsoft.InfromAADUserJoin.005</immutable-tag>
  <direction>Inbound</direction>
  <connector>{00000000-0000-0000-0000-000000000000}</connector>
  <sourceObjectType>user</sourceObjectType>
  <targetObjectType>person</targetObjectType>
  <linkType>Join</linkType>
  <precedence>0</precedence>
  <precedence-after>{00000000-0000-0000-0000-000000000000}</precedence-after>
  <softDeleteExpiryInterval>00:00:00</softDeleteExpiryInterval>
  <attribute-mappings>
    <mapping>
      <dest>accountEnabled</dest>
      <src>
        <attr>accountEnabled</attr>
      </src>
      <valueMergeType>Update</valueMergeType>
    </mapping>
    <mapping>
      <dest>cloudAnchor</dest>
      <src>
        <attr>cloudAnchor</attr>
      </src>
      <valueMergeType>Update</valueMergeType>
    </mapping>
    <mapping>
      <dest>cloudSourceAnchor</dest>
      <src>
        <attr>sourceAnchor</attr>
      </src>
      <expression>ImportedValue("sourceAnchor")</expression>
      <valueMergeType>Update</valueMergeType>
    </mapping>
    <mapping>
      <dest>countryCode</dest>
      <src>
        <attr>countryCode</attr>
      </src>
      <valueMergeType>Update</valueMergeType>
    </mapping>
    <mapping>
      <dest>usageLocation</dest>
      <src>
        <attr>usageLocation</attr>
      </src>
      <valueMergeType>Update</valueMergeType>
    </mapping>
    <mapping>
      <dest>cloudUserCertificate</dest>
      <src>
        <attr>userCertificate</attr>
      </src>
      <expression>ImportedValue("userCertificate")</expression>
      <valueMergeType>Update</valueMergeType>
    </mapping>
    <mapping>
      <dest>cloudUserSMIMECertificate</dest>
      <src>
        <attr>userSMIMECertificate</attr>
      </src>
      <expression>ImportedValue("userSMIMECertificate")</expression>
      <valueMergeType>Update</valueMergeType>
    </mapping>
  </attribute-mappings>
  <relationshipCriteria>
    <conditions>
      <condition>
        <caseSensitive>True</caseSensitive>
        <csAttribute>sourceAnchor</csAttribute>
        <ilmAttribute>sourceAnchor</ilmAttribute>
      </condition>
    </conditions>
  </relationshipCriteria>
  <synchronizationCriteria>
    <conditions>
      <scope>
        <csAttribute>cloudMastered</csAttribute>
        <csOperator>EQUAL</csOperator>
        <csValue>False</csValue>
      </scope>
    </conditions>
  </synchronizationCriteria>
</synchronizationRule>
