<!--FILEHASH:ke/PwaPvgyfTRnVzEL7/Dw==-->
<synchronizationRule>
  <id>{00000000-0000-0000-0000-000000000000}</id>
  <version>1</version>
  <name>In from AD - InetOrgPerson Filtering</name>
  <description />
  <direction>Inbound</direction>
  <connector>{00000000-0000-0000-0000-000000000000}</connector>
  <sourceObjectType>inetOrgPerson</sourceObjectType>
  <targetObjectType>person</targetObjectType>
  <linkType>Join</linkType>
  <precedence>0</precedence>
  <softDeleteExpiryInterval>00:00:00</softDeleteExpiryInterval>
  <attribute-mappings>
    <mapping>
      <dest>cloudFiltered</dest>
      <src>True</src>
    </mapping>
  </attribute-mappings>
  <relationshipCriteria />
  <synchronizationCriteria>
    <conditions>
      <scope>
        <csAttribute></csAttribute>
        <csOperator>ISNOTMEMBEROF</csOperator>
        <csValue>%Connector.GroupFilteringGroupDn%</csValue>
      </scope>
    </conditions>
  </synchronizationCriteria>
  <immutable-tag>Microsoft.InfromADInetOrgPersonGroupFiltering.003</immutable-tag>
</synchronizationRule>
