<!--FILEHASH:Ie4AwusPwDgmfD8qCJkdUA==-->
<synchronizationRule>
  <id>{00000000-0000-0000-0000-000000000000}</id>
  <version>1</version>
  <name>Out to AD - Group SOAInAAD - Exchange</name>
  <description>Out to AD - Group SOAInAAD - Exchange</description>
  <immutable-tag>Microsoft.OuttoADGroupSOAInAADExchange.003</immutable-tag>
  <direction>Outbound</direction>
  <connector>{00000000-0000-0000-0000-000000000000}</connector>
  <sourceObjectType>group</sourceObjectType>
  <targetObjectType>group</targetObjectType>
  <linkType>Join</linkType>
  <precedence>0</precedence>
  <precedence-after>{00000000-0000-0000-0000-000000000000}</precedence-after>
  <precedence-before>{00000000-0000-0000-0000-000000000000}</precedence-before>
  <softDeleteExpiryInterval>00:00:00</softDeleteExpiryInterval>
  <attribute-mappings>
    <mapping>
      <dest>mail</dest>
      <src>
        <attr>mail</attr>
      </src>
      <valueMergeType>Update</valueMergeType>
    </mapping>
    <mapping>
      <dest>mailNickname</dest>
      <src>
        <attr>mailNickname</attr>
      </src>
      <valueMergeType>Update</valueMergeType>
    </mapping>
    <mapping>
      <dest>msExchAddressBookFlags</dest>
      <src>1</src>
      <valueMergeType>Update</valueMergeType>
    </mapping>
    <mapping>
      <dest>msExchBypassAudit</dest>
      <src>False</src>
      <valueMergeType>Update</valueMergeType>
    </mapping>
    <mapping>
      <dest>msExchCoManagedByLink</dest>
      <src>
        <attr>msExchCoManagedByLink</attr>
      </src>
      <valueMergeType>Update</valueMergeType>
    </mapping>
    <mapping>
      <dest>msExchGroupDepartRestriction</dest>
      <src>0</src>
      <valueMergeType>Update</valueMergeType>
    </mapping>
    <mapping>
      <dest>msExchGroupJoinRestriction</dest>
      <src>0</src>
      <valueMergeType>Update</valueMergeType>
    </mapping>
    <mapping>
      <dest>msExchHideFromAddressLists</dest>
      <src>
        <attr>msExchHideFromAddressLists</attr>
      </src>
      <valueMergeType>Update</valueMergeType>
    </mapping>
    <mapping>
      <dest>msExchLabeledURI</dest>
      <src>
        <attr>msExchLabeledURI</attr>
      </src>
      <valueMergeType>Update</valueMergeType>
    </mapping>
    <mapping>
      <dest>msExchLocalizationFlags</dest>
      <src>0</src>
      <valueMergeType>Update</valueMergeType>
    </mapping>
    <mapping>
      <dest>msExchMailboxAuditEnable</dest>
      <src>False</src>
      <valueMergeType>Update</valueMergeType>
    </mapping>
    <mapping>
      <dest>msExchMailboxAuditLogAgeLimit</dest>
      <src>7776000</src>
      <valueMergeType>Update</valueMergeType>
    </mapping>
    <mapping>
      <dest>msExchModerationFlags</dest>
      <src>6</src>
      <valueMergeType>Update</valueMergeType>
    </mapping>
    <mapping>
      <dest>msExchPoliciesExcluded</dest>
      <src>{26491CFC-9E50-4857-861B-0CB8DF22B5D7}</src>
      <valueMergeType>Update</valueMergeType>
    </mapping>
    <mapping>
      <dest>msExchProvisioningFlags</dest>
      <src>0</src>
      <valueMergeType>Update</valueMergeType>
    </mapping>
    <mapping>
      <dest>msExchRecipientDisplayType</dest>
      <src>17</src>
      <valueMergeType>Update</valueMergeType>
    </mapping>
    <mapping>
      <dest>msExchRecipientSoftDeletedStatus</dest>
      <src>0</src>
      <valueMergeType>Update</valueMergeType>
    </mapping>
    <mapping>
      <dest>msExchRecipientTypeDetails</dest>
      <src>
        <attr>msExchRecipientTypeDetails</attr>
      </src>
      <valueMergeType>Update</valueMergeType>
    </mapping>
    <mapping>
      <dest>msExchRequireAuthToSendTo</dest>
      <src>True</src>
      <valueMergeType>Update</valueMergeType>
    </mapping>
    <mapping>
      <dest>msExchRoleGroupType</dest>
      <src>0</src>
      <valueMergeType>Update</valueMergeType>
    </mapping>
    <mapping>
      <dest>msExchTransportRecipientSettingsFlags</dest>
      <src>0</src>
      <valueMergeType>Update</valueMergeType>
    </mapping>
    <mapping>
      <dest>msExchVersion</dest>
      <expression>CNum(44220983382016)</expression>
      <valueMergeType>Update</valueMergeType>
    </mapping>
    <mapping>
      <dest>proxyAddresses</dest>
      <src>
        <attr>proxyAddresses</attr>
      </src>
      <valueMergeType>Update</valueMergeType>
    </mapping>
    <mapping>
      <dest>targetAddress</dest>
      <src>
        <attr>targetAddress</attr>
      </src>
      <valueMergeType>Update</valueMergeType>
    </mapping>
  </attribute-mappings>
  <relationshipCriteria>
    <conditions>
      <condition>
        <csAttribute>adminDescription</csAttribute>
        <ilmAttribute>cloudAnchor</ilmAttribute>
      </condition>
    </conditions>
  </relationshipCriteria>
  <synchronizationCriteria>
    <conditions>
      <scope>
        <csAttribute>cloudMastered</csAttribute>
        <csOperator>EQUAL</csOperator>
        <csValue>true</csValue>
      </scope>
      <scope>
        <csAttribute>targetWritebackType</csAttribute>
        <csOperator>ISNULL</csOperator>
        <csValue />
      </scope>
    </conditions>
    <conditions>
      <scope>
        <csAttribute>cloudMastered</csAttribute>
        <csOperator>EQUAL</csOperator>
        <csValue>true</csValue>
      </scope>
      <scope>
        <csAttribute>targetWritebackType</csAttribute>
        <csOperator>EQUAL</csOperator>
        <csValue>UniversalDistributionGroup</csValue>
      </scope>
    </conditions>
    <conditions>
      <scope>
        <csAttribute>cloudMastered</csAttribute>
        <csOperator>EQUAL</csOperator>
        <csValue>true</csValue>
      </scope>
      <scope>
        <csAttribute>targetWritebackType</csAttribute>
        <csOperator>EQUAL</csOperator>
        <csValue>UniversalMailEnabledSecurityGroup</csValue>
      </scope>
    </conditions>
  </synchronizationCriteria>
</synchronizationRule>
