<!--FILEHASH:ygzfFGOiQ3HF7nkgZnAUTw==-->
<synchronizationRule>
  <id>{00000000-0000-0000-0000-000000000000}</id>
  <version>1</version>
  <name>Out to AD - Group Writeback Member Limit</name>
  <description>Out to AD - Group Writeback Member Limit</description>
  <immutable-tag>Microsoft.OuttoADGroupWritebackMemberLimit.002</immutable-tag>
  <direction>Outbound</direction>
  <connector>{00000000-0000-0000-0000-000000000000}</connector>
  <sourceObjectType>group</sourceObjectType>
  <targetObjectType>group</targetObjectType>
  <linkType>Join</linkType>
  <precedence>0</precedence>
  <precedence-after>{00000000-0000-0000-0000-000000000000}</precedence-after>
  <precedence-before>{00000000-0000-0000-0000-000000000000}</precedence-before>
  <softDeleteExpiryInterval>00:00:00</softDeleteExpiryInterval>
  <attribute-mappings>
    <mapping>
      <dest>member</dest>
      <src>
        <attr>member</attr>
      </src>
      <expression>IIF((ValueCount("member")> 50000),Error("Maximum Group member count exceeded. Visit https://go.microsoft.com/fwlink/?linkid=2154336 for more information."),IgnoreThisFlow)</expression>
      <valueMergeType>Update</valueMergeType>
    </mapping>
  </attribute-mappings>
  <synchronizationCriteria>
    <conditions>
      <scope>
        <csAttribute>cloudMastered</csAttribute>
        <csOperator>EQUAL</csOperator>
        <csValue>true</csValue>
      </scope>
      <scope>
        <csAttribute>targetWritebackType</csAttribute>
        <csOperator>ISNULL</csOperator>
        <csValue />
      </scope>
    </conditions>
    <conditions>
      <scope>
        <csAttribute>cloudMastered</csAttribute>
        <csOperator>EQUAL</csOperator>
        <csValue>true</csValue>
      </scope>
      <scope>
        <csAttribute>targetWritebackType</csAttribute>
        <csOperator>EQUAL</csOperator>
        <csValue>UniversalDistributionGroup</csValue>
      </scope>
    </conditions>
    <conditions>
      <scope>
        <csAttribute>cloudMastered</csAttribute>
        <csOperator>EQUAL</csOperator>
        <csValue>true</csValue>
      </scope>
      <scope>
        <csAttribute>targetWritebackType</csAttribute>
        <csOperator>EQUAL</csOperator>
        <csValue>UniversalMailEnabledSecurityGroup</csValue>
      </scope>
    </conditions>
  </synchronizationCriteria>
</synchronizationRule>
