<!--FILEHASH:iT0RLr95CHiTW30OE3f4lg==-->
<synchronizationRule>
  <id>{00000000-0000-0000-0000-000000000000}</id>
  <version>1</version>
  <name>Out to AD - Device Join SOAInAAD</name>
  <description />
  <immutable-tag>Microsoft.OuttoADJoinSOAInAAD.001</immutable-tag>
  <direction>Outbound</direction>
  <connector>{00000000-0000-0000-0000-000000000000}</connector>
  <sourceObjectType>device</sourceObjectType>
  <targetObjectType>msDS-Device</targetObjectType>
  <linkType>Provision</linkType>
  <precedence>0</precedence>
  <precedence-after>{00000000-0000-0000-0000-000000000000}</precedence-after>
  <softDeleteExpiryInterval>00:00:00</softDeleteExpiryInterval>
  <attribute-mappings>
    <mapping>
      <dest>dn</dest>
      <src>
        <attr>deviceId</attr>
      </src>
      <expression>"CN=" &amp; StringFromGuid([deviceId]) &amp; "," &amp; %Microsoft.DeviceWriteBack.Container%</expression>
      <valueMergeType>Update</valueMergeType>
    </mapping>
    <mapping>
      <dest>cn</dest>
      <src>
        <attr>deviceId</attr>
      </src>
      <expression>StringFromGuid([deviceId])</expression>
      <valueMergeType>Update</valueMergeType>
    </mapping>
    <mapping>
      <dest>msDS-CloudAnchor</dest>
      <src>
        <attr>cloudAnchor</attr>
      </src>
      <expression>IIF(IsNullOrEmpty([cloudAnchor]),NULL,CGuid(Word([cloudAnchor],2,"_")))</expression>
      <valueMergeType>Update</valueMergeType>
    </mapping>
    <mapping>
      <dest>displayName</dest>
      <src>
        <attr>displayName</attr>
      </src>
      <valueMergeType>Update</valueMergeType>
    </mapping>
    <mapping>
      <dest>msDS-IsEnabled</dest>
      <src>
        <attr>accountEnabled</attr>
      </src>
      <valueMergeType>Update</valueMergeType>
    </mapping>
    <mapping>
      <dest>altSecurityIdentities</dest>
      <src>
        <attr>alternativeSecurityId</attr>
      </src>
      <valueMergeType>Update</valueMergeType>
    </mapping>
    <mapping>
      <dest>msDS-DeviceID</dest>
      <src>
        <attr>deviceId</attr>
      </src>
      <valueMergeType>Update</valueMergeType>
    </mapping>
    <mapping>
      <dest>msDS-DeviceObjectVersion</dest>
      <src>
        <attr>deviceObjectVersion</attr>
      </src>
      <valueMergeType>Update</valueMergeType>
    </mapping>
    <mapping>
      <dest>msDS-DeviceOSType</dest>
      <src>
        <attr>deviceOSType</attr>
      </src>
      <valueMergeType>Update</valueMergeType>
    </mapping>
    <mapping>
      <dest>msDS-DeviceOSVersion</dest>
      <src>
        <attr>deviceOSVersion</attr>
      </src>
      <valueMergeType>Update</valueMergeType>
    </mapping>
    <mapping>
      <dest>msDS-DevicePhysicalIDs</dest>
      <src>
        <attr>devicePhysicalIds</attr>
      </src>
      <valueMergeType>Update</valueMergeType>
    </mapping>
    <mapping>
      <dest>msDS-RegisteredOwner</dest>
      <src>
        <attr>registeredOwnerReference</attr>
      </src>
      <valueMergeType>Update</valueMergeType>
    </mapping>
    <mapping>
      <dest>msDS-RegisteredUsers</dest>
      <src>
        <attr>registeredUsersReference</attr>
      </src>
      <valueMergeType>Update</valueMergeType>
    </mapping>
    <mapping>
      <dest>msDS-IsCompliant</dest>
      <src>
        <attr>isCompliant</attr>
      </src>
      <valueMergeType>Update</valueMergeType>
    </mapping>    
    <mapping>
      <dest>msDS-IsManaged</dest>
      <src>
        <attr>isManaged</attr>
      </src>
      <valueMergeType>Update</valueMergeType>
    </mapping>
  </attribute-mappings>
  <relationshipCriteria>
    <conditions>
      <condition>
        <caseSensitive>False</caseSensitive>
        <csAttribute>msDS-DeviceID</csAttribute>
        <ilmAttribute>deviceId</ilmAttribute>
      </condition>
    </conditions>
  </relationshipCriteria>
  <synchronizationCriteria>
    <conditions>
      <scope>
        <csAttribute>cloudCreated</csAttribute>
        <csOperator>EQUAL</csOperator>
        <csValue>true</csValue>
      </scope>
    </conditions>
     <conditions>
      <scope>
         <csAttribute>cloudCreated</csAttribute>
         <csOperator>EQUAL</csOperator>
         <csValue>false</csValue>
      </scope>
      <scope>
        <csAttribute>cloudAnchor</csAttribute>
        <csOperator>ISNOTNULL</csOperator>
        <csValue></csValue>
      </scope>
       <scope>
         <csAttribute>alternativeSecurityId</csAttribute>
         <csOperator>ISNOTNULL</csOperator>
         <csValue></csValue>
       </scope>
     </conditions>
  </synchronizationCriteria>
</synchronizationRule>
