<!--FILEHASH:xZm6CGLRqLp3JlXgW9IVKA==-->
<synchronizationRule>
  <id>{00000000-0000-0000-0000-000000000000}</id>
  <version>1</version>
  <name>Out to AAD - User DirectoryExtension</name>
  <description />
  <immutable-tag>Microsoft.OuttoAADUserDirectoryExtension.002</immutable-tag>
  <direction>Outbound</direction>
  <connector>{00000000-0000-0000-0000-000000000000}</connector>
  <sourceObjectType>person</sourceObjectType>
  <targetObjectType>user</targetObjectType>
  <linkType>Join</linkType>
  <precedence>0</precedence>
  <precedence-after>{00000000-0000-0000-0000-000000000000}</precedence-after>
  <softDeleteExpiryInterval>00:00:00</softDeleteExpiryInterval>
  <attribute-mappings />
  <relationshipCriteria />
  <synchronizationCriteria>
    <conditions>
      <scope>
        <csAttribute>sourceObjectType</csAttribute>
        <csOperator>EQUAL</csOperator>
        <csValue>User</csValue>
      </scope>
      <scope>
        <csAttribute>cloudMastered</csAttribute>
        <csOperator>NOTEQUAL</csOperator>
        <csValue>True</csValue>
      </scope>
    </conditions>
  </synchronizationCriteria>
</synchronizationRule>