<!--FILEHASH:1RI9w0xyNNe+mx48Gud9Ug==-->
<synchronizationRule>
  <id>{00000000-0000-0000-0000-000000000000}</id>
  <version>1</version>
  <name>Out to AD - Contact Exchange Hybrid</name>
  <description />
  <immutable-tag>Microsoft.OuttoADContactExchangeHybrid.003</immutable-tag>
  <direction>Outbound</direction>
  <connector>{00000000-0000-0000-0000-000000000000}</connector>
  <sourceObjectType>person</sourceObjectType>
  <targetObjectType>contact</targetObjectType>
  <linkType>Join</linkType>
  <precedence>0</precedence>
  <precedence-after>{00000000-0000-0000-0000-000000000000}</precedence-after>
  <softDeleteExpiryInterval>00:00:00</softDeleteExpiryInterval>
  <attribute-mappings>
    <mapping>
      <dest>proxyAddresses</dest>
      <src>
        <attr>cloudLegacyExchangeDN</attr>
      </src>
      <expression>IIF(IsNullOrEmpty([cloudLegacyExchangeDN]),NULL,"x500:" &amp; [cloudLegacyExchangeDN])</expression>
      <valueMergeType>MergeCaseInsensitive</valueMergeType>
    </mapping>
  </attribute-mappings>
  <relationshipCriteria />
  <synchronizationCriteria />
</synchronizationRule>