<!--FILEHASH:q8I/HwNugpEnFgtuclF8dQ==-->
<synchronizationRule>
  <id>{00000000-0000-0000-0000-000000000000}</id>
  <version>1</version>
  <name>Out to AAD - Group LyncOnline</name>
  <description />
  <immutable-tag>Microsoft.OuttoAADGroupLyncOnline.004</immutable-tag>
  <direction>Outbound</direction>
  <connector>{00000000-0000-0000-0000-000000000000}</connector>
  <sourceObjectType>group</sourceObjectType>
  <targetObjectType>group</targetObjectType>
  <linkType>Join</linkType>
  <precedence>0</precedence>
  <precedence-after>{00000000-0000-0000-0000-000000000000}</precedence-after>
  <softDeleteExpiryInterval>00:00:00</softDeleteExpiryInterval>
  <attribute-mappings>
    <mapping>
      <dest>alias</dest>
      <src>
        <attr>mailNickname</attr>
      </src>
      <valueMergeType>Update</valueMergeType>
    </mapping>
    <mapping>
      <dest>description</dest>
      <src>
        <attr>description</attr>
      </src>
      <valueMergeType>Update</valueMergeType>
    </mapping>
    <mapping>
      <dest>displayName</dest>
      <src>
        <attr>displayName</attr>
      </src>
      <valueMergeType>Update</valueMergeType>
    </mapping>
    <mapping>
      <dest>mail</dest>
      <src>
        <attr>mail</attr>
      </src>
      <valueMergeType>Update</valueMergeType>
    </mapping>
    <mapping>
      <dest>managedBy</dest>
      <src>
        <attr>managedBy</attr>
      </src>
      <valueMergeType>Update</valueMergeType>
    </mapping>
    <mapping>
      <dest>member</dest>
      <src>
        <attr>member</attr>
      </src>
      <valueMergeType>Update</valueMergeType>
    </mapping>
    <mapping>
      <dest>msExchHideFromAddressLists</dest>
      <src>
        <attr>msExchHideFromAddressLists</attr>
      </src>
      <valueMergeType>Update</valueMergeType>
    </mapping>
    <mapping>
      <dest>proxyAddresses</dest>
      <src>
        <attr>proxyAddresses</attr>
      </src>
      <valueMergeType>Update</valueMergeType>
    </mapping>
  </attribute-mappings>
  <relationshipCriteria>
    <conditions>
      <condition>
        <csAttribute>sourceAnchor</csAttribute>
        <ilmAttribute>sourceAnchor</ilmAttribute>
      </condition>
    </conditions>
  </relationshipCriteria>
  <synchronizationCriteria>
    <conditions>
      <scope>
        <csAttribute>sourceAnchor</csAttribute>
        <csOperator>ISNOTNULL</csOperator>
        <csValue />
      </scope>
      <scope>
        <csAttribute>cloudMastered</csAttribute>
        <csOperator>NOTEQUAL</csOperator>
        <csValue>True</csValue>
      </scope>
    </conditions>
  </synchronizationCriteria>
</synchronizationRule>