<!--FILEHASH:OlIOzOiLnKPS4GQsjUoB6w==-->
<synchronizationRule>
  <id>{00000000-0000-0000-0000-000000000000}</id>
  <version>1</version>
  <name>Out to AAD - Contact Join</name>
  <description />
  <direction>Outbound</direction>
  <connector>{00000000-0000-0000-0000-000000000000}</connector>
  <sourceObjectType>person</sourceObjectType>
  <targetObjectType>contact</targetObjectType>
  <linkType>Provision</linkType>
  <precedence>0</precedence>
  <softDeleteExpiryInterval>00:00:00</softDeleteExpiryInterval>
  <attribute-mappings>
    <mapping>
      <dest>sourceAnchor</dest>
      <src>
        <attr>cloudSourceAnchor</attr>
        <attr>sourceAnchor</attr>
      </src>
      <expression>IIF(IsPresent([cloudSourceAnchor]), IIF(Word([cloudAnchor],1,"_")=[sourceObjectType],IIF([cloudSourceAnchor] = [sourceAnchor],[sourceAnchor],Error("SourceAnchor attribute has changed.")),[sourceAnchor]),[sourceAnchor])</expression>
      <valueMergeType>Update</valueMergeType>
    </mapping>
    <mapping>
      <dest>dn</dest>
      <src>
        <attr>sourceAnchor</attr>
      </src>
      <expression>&quot;CN={&quot; &amp; ConvertToUTF8Hex([sourceAnchor]) &amp; &quot;}&quot;</expression>
      <valueMergeType>Update</valueMergeType>
    </mapping>
  </attribute-mappings>
  <relationshipCriteria>
    <conditions>
      <condition>
        <csAttribute>sourceAnchor</csAttribute>
        <ilmAttribute>sourceAnchor</ilmAttribute>
      </condition>
    </conditions>
  </relationshipCriteria>
  <synchronizationCriteria>
    <conditions>
      <scope>
        <csAttribute>sourceObjectType</csAttribute>
        <csOperator>EQUAL</csOperator>
        <csValue>Contact</csValue>
      </scope>
      <scope>
        <csAttribute>cloudFiltered</csAttribute>
        <csOperator>NOTEQUAL</csOperator>
        <csValue>True</csValue>
      </scope>
      <scope>
        <csAttribute>mailEnabled</csAttribute>
        <csOperator>EQUAL</csOperator>
        <csValue>True</csValue>
      </scope>
    </conditions>
  </synchronizationCriteria>
  <immutable-tag>Microsoft.OuttoAADContactJoin.003</immutable-tag>
</synchronizationRule>