<!--FILEHASH:JT5W/BAgb9SD3lXU0jYSnQ==-->
<synchronizationRule>
  <id>{00000000-0000-0000-0000-000000000000}</id>
  <version>1</version>
  <name>Out to AD - User ImmutableId</name>
  <description />
  <immutable-tag>Microsoft.OuttoADUserImmutableId.003</immutable-tag>
  <direction>Outbound</direction>
  <connector>{00000000-0000-0000-0000-000000000000}</connector>
  <sourceObjectType>person</sourceObjectType>
  <targetObjectType>user</targetObjectType>
  <linkType>Join</linkType>
  <precedence>0</precedence>
  <precedence-after>{00000000-0000-0000-0000-000000000000}</precedence-after>
  <softDeleteExpiryInterval>00:00:00</softDeleteExpiryInterval>
  <attribute-mappings>
    <mapping>
      <dest>mS-DS-ConsistencyGuid</dest>
      <src>
        <attr>cloudSourceAnchor</attr>
        <attr>sourceAnchorBinary</attr>
      </src>
      <expression>IIF(IsPresent([cloudSourceAnchor]),IIF(IsPresent([sourceAnchorBinary]),[sourceAnchorBinary],IgnoreThisFlow),IgnoreThisFlow)</expression>
      <valueMergeType>Update</valueMergeType>
    </mapping>
  </attribute-mappings>
  <relationshipCriteria/>
  <synchronizationCriteria />
</synchronizationRule>