<!--FILEHASH:m+rtPsRXR7I+ESjM+I0XCQ==-->
<synchronizationRule>
  <id>{00000000-0000-0000-0000-000000000000}</id>
  <version>1</version>
  <name>Out to AAD - Device Join SOAInAD</name>
  <description />
  <immutable-tag>Microsoft.OuttoAADJoinSOAInAD.008</immutable-tag>
  <direction>Outbound</direction>
  <connector>{00000000-0000-0000-0000-000000000000}</connector>
  <sourceObjectType>device</sourceObjectType>
  <targetObjectType>device</targetObjectType>
  <linkType>Provision</linkType>
  <precedence>0</precedence>
  <precedence-after>{00000000-0000-0000-0000-000000000000}</precedence-after>
  <softDeleteExpiryInterval>00:00:00</softDeleteExpiryInterval>
  <attribute-mappings>
    <mapping>
      <dest>displayName</dest>
      <src>
        <attr>displayName</attr>
      </src>
      <expression>IIF(IsPresent([isIntuneManagedDevice])&amp;&amp;[isIntuneManagedDevice],IgnoreThisFlow,[displayName])</expression>
      <valueMergeType>Update</valueMergeType>
    </mapping>
    <!-- Add execute once flag to below flow -->
    <mapping>
      <dest>dn</dest>
      <src>
        <attr>sourceAnchor</attr>
      </src>
      <expression>&quot;CN={&quot; &amp; ConvertToUTF8Hex([sourceAnchor]) &amp; &quot;}&quot;</expression>
      <valueMergeType>Update</valueMergeType>
    </mapping>
    <mapping>
      <dest>deviceId</dest>
      <src>
        <attr>deviceId</attr>
      </src>
      <valueMergeType>Update</valueMergeType>
    </mapping>
    <mapping>
      <dest>accountEnabled</dest>
      <src>
        <attr>accountEnabled</attr>
      </src>
      <valueMergeType>Update</valueMergeType>
    </mapping>
    <mapping>
      <dest>deviceOSType</dest>
      <src>
        <attr>deviceOSType</attr>
      </src>
      <expression>IIF(IsPresent([isIntuneManagedDevice])&amp;&amp;[isIntuneManagedDevice],IgnoreThisFlow,[deviceOSType])</expression>
      <valueMergeType>Update</valueMergeType>
    </mapping>
    <mapping>
      <dest>registeredOwnerReference</dest>
      <src>
        <attr>registeredOwnerReference</attr>
      </src>
      <valueMergeType>Update</valueMergeType>
    </mapping>
    <mapping>
      <dest>deviceTrustType</dest>
      <src>
        <attr>deviceTrustType</attr>
      </src>
      <valueMergeType>Update</valueMergeType>
    </mapping>
    <mapping>
      <dest>onPremiseSecurityIdentifier</dest>
      <src>
        <attr>objectSid</attr>
      </src>
      <valueMergeType>Update</valueMergeType>
    </mapping>
    <mapping>
      <dest>userCertificate</dest>
      <src>
        <attr>userCertificate</attr>
      </src>
      <!-- Collect into $validCerts all values that contain X509Certificate2 objects that haven't expired and match the pattern CN=<device guid>.
           If the number of valid certs is greater than 15, keep the destination attribute untouched, else overwrite the destination property
           with $validCerts.
      -->
      <expression><![CDATA[With(
  $validCerts,
  Where(
    $c, 
    [userCertificate], 
    IsCert($c)
    && CertNotAfter($c) > Now()
    && RegexIsMatch(
      CertSubject($c), 
      "CN=[{]*" & StringFromGuid([deviceId])
 & "[}]*", 
      "IgnoreCase")
  ),
  IIF (
    Count($validCerts) > 15,
    [cloudUserCertificate],
    $validCerts
  )
)]]></expression>
      <valueMergeType>Update</valueMergeType>
    </mapping>    
  </attribute-mappings>
  <relationshipCriteria>
    <conditions>
      <condition>
        <caseSensitive>False</caseSensitive>
        <csAttribute>deviceId</csAttribute>
        <ilmAttribute>deviceId</ilmAttribute>
      </condition>
    </conditions>
  </relationshipCriteria>
  <synchronizationCriteria>
    <conditions>
      <scope>
        <csAttribute>cloudCreated</csAttribute>
        <csOperator>EQUAL</csOperator>
        <csValue>false</csValue>        
      </scope>
      <scope>
        <csAttribute>userCertificate</csAttribute>
        <csOperator>ISNOTNULL</csOperator>
        <csValue></csValue>
      </scope>
      <scope>
        <csAttribute>cloudFiltered</csAttribute>
        <csOperator>NOTEQUAL</csOperator>
        <csValue>true</csValue>
      </scope>
    </conditions>
  </synchronizationCriteria>
</synchronizationRule>
