<!--FILEHASH:MK3U2R5zMy+paTB8/ZcqnA==-->
<synchronizationRule>
    <id>{00000000-0000-0000-0000-000000000000}</id>
    <version>1</version>
    <name>Out to AD - Device STKKey</name>
    <description />
    <immutable-tag>Microsoft.OuttoADDeviceSTKKey.001</immutable-tag>
    <direction>Outbound</direction>
    <connector>{00000000-0000-0000-0000-000000000000}</connector>
    <sourceObjectType>device</sourceObjectType>
    <targetObjectType>msDS-Device</targetObjectType>
    <linkType>Join</linkType>
    <precedence>0</precedence>
    <precedence-after>{00000000-0000-0000-0000-000000000000}</precedence-after>
    <softDeleteExpiryInterval>00:00:00</softDeleteExpiryInterval>
    <attribute-mappings>
        <mapping>
            <dest>msDS-KeyCredentialLink</dest>
            <src>
                <attr>deviceKey</attr>
            </src>
            <valueMergeType>Update</valueMergeType>
        </mapping>
    </attribute-mappings>
    <relationshipCriteria/>
    <synchronizationCriteria>
        <conditions>
            <scope>
                <csAttribute>isProvisionedInAD</csAttribute>
                <csOperator>EQUAL</csOperator>
                <csValue>True</csValue>
            </scope>
        </conditions>
    </synchronizationCriteria>
</synchronizationRule>