<!--FILEHASH:m1Ih7AXJCwYdw0kilwq6+A==-->
<synchronizationRule>
  <id>{00000000-0000-0000-0000-000000000000}</id>
  <version>1</version>
  <name>Out to AD - User Exchange Hybrid</name>
  <description />
  <immutable-tag>Microsoft.OuttoADUserExchangeHybrid.004</immutable-tag>
  <direction>Outbound</direction>
  <connector>{00000000-0000-0000-0000-000000000000}</connector>
  <sourceObjectType>person</sourceObjectType>
  <targetObjectType>user</targetObjectType>
  <linkType>Join</linkType>
  <precedence>0</precedence>
  <precedence-after>{00000000-0000-0000-0000-000000000000}</precedence-after>
  <softDeleteExpiryInterval>00:00:00</softDeleteExpiryInterval>
  <attribute-mappings>
    <mapping>
      <dest>msDS-ExternalDirectoryObjectId</dest>
      <src>
        <attr>cloudAnchor</attr>
      </src>
      <valueMergeType>Update</valueMergeType>
    </mapping>
    <mapping>
      <dest>msExchArchiveStatus</dest>
      <src>
        <attr>cloudMSExchArchiveStatus</attr>
      </src>
      <valueMergeType>Update</valueMergeType>
    </mapping>
    <mapping>
      <dest>msExchBlockedSendersHash</dest>
      <src>
        <attr>cloudSOAExchMailbox</attr>
        <attr>cloudMSExchBlockedSendersHash</attr>
      </src>
      <expression>IIF([cloudSOAExchMailbox] = True,[cloudMSExchBlockedSendersHash],IgnoreThisFlow)</expression>
      <valueMergeType>Update</valueMergeType>
    </mapping>
    <mapping>
      <dest>msExchSafeRecipientsHash</dest>
      <src>
        <attr>cloudSOAExchMailbox</attr>
        <attr>cloudMSExchSafeRecipientsHash</attr>
      </src>
      <expression>IIF([cloudSOAExchMailbox] = True,[cloudMSExchSafeRecipientsHash],IgnoreThisFlow)</expression>
      <valueMergeType>Update</valueMergeType>
    </mapping>
    <mapping>
      <dest>msExchSafeSendersHash</dest>
      <src>
        <attr>cloudSOAExchMailbox</attr>
        <attr>cloudMSExchSafeSendersHash</attr>
      </src>
      <expression>IIF([cloudSOAExchMailbox] = True,[cloudMSExchSafeSendersHash],IgnoreThisFlow)</expression>
      <valueMergeType>Update</valueMergeType>
    </mapping>
    <mapping>
      <dest>msExchUCVoiceMailSettings</dest>
      <src>
        <attr>cloudMSExchUCVoiceMailSettings</attr>
      </src>
      <expression>IIF(IsNullOrEmpty([cloudMSExchUCVoiceMailSettings]),IgnoreThisFlow,[cloudMSExchUCVoiceMailSettings])</expression>
      <valueMergeType>Update</valueMergeType>
    </mapping>
    <mapping>
      <dest>msExchUserHoldPolicies</dest>
      <src>
        <attr>cloudMSExchUserHoldPolicies</attr>
      </src>
      <expression>IIF(IsNullOrEmpty([cloudMSExchUserHoldPolicies]),IgnoreThisFlow,[cloudMSExchUserHoldPolicies])</expression>
      <valueMergeType>Update</valueMergeType>
    </mapping>
    <mapping>
      <dest>proxyAddresses</dest>
      <src>
        <attr>cloudLegacyExchangeDN</attr>
      </src>
      <expression>IIF(IsNullOrEmpty([cloudLegacyExchangeDN]),NULL,"x500:" &amp; [cloudLegacyExchangeDN])</expression>
      <valueMergeType>MergeCaseInsensitive</valueMergeType>
    </mapping>
  </attribute-mappings>
  <relationshipCriteria />
  <synchronizationCriteria>
  </synchronizationCriteria>
</synchronizationRule>