<!--FILEHASH:nG/j5nHE1ysEcS2irQmJPQ==-->
<synchronizationRule>
  <id>{00000000-0000-0000-0000-000000000000}</id>
  <version>1</version>
  <name>Out to AD - Group Join</name>
  <description />
  <immutable-tag>Microsoft.OuttoADGroupJoin.005</immutable-tag>
  <direction>Outbound</direction>
  <connector>{00000000-0000-0000-0000-000000000000}</connector>
  <sourceObjectType>group</sourceObjectType>
  <targetObjectType>group</targetObjectType>
  <linkType>Join</linkType>
  <precedence>0</precedence>
  <precedence-after>{00000000-0000-0000-0000-000000000000}</precedence-after>
  <softDeleteExpiryInterval>00:00:00</softDeleteExpiryInterval>
  <attribute-mappings />
  <relationshipCriteria />
  <synchronizationCriteria>
    <conditions>
      <scope>
      <csAttribute>cloudMastered</csAttribute>
      <csOperator>NOTEQUAL</csOperator>
      <csValue>True</csValue>
    </scope>
    </conditions>
  </synchronizationCriteria>
</synchronizationRule>