<!--FILEHASH:7Uf4aTvekyuGR9w6m/ZAHw==-->
<synchronizationRule>
  <id>{00000000-0000-0000-0000-000000000000}</id>
  <version>1</version>
  <name>Out to AAD - User Join</name>
  <description />
  <immutable-tag>Microsoft.OuttoAADUserJoin.013</immutable-tag>
  <direction>Outbound</direction>
  <connector>{00000000-0000-0000-0000-000000000000}</connector>
  <sourceObjectType>person</sourceObjectType>
  <targetObjectType>user</targetObjectType>
  <linkType>Provision</linkType>
  <precedence>0</precedence>
  <EnablePasswordSync>true</EnablePasswordSync>
  <precedence-after>{00000000-0000-0000-0000-000000000000}</precedence-after>
  <softDeleteExpiryInterval>00:00:00</softDeleteExpiryInterval>
  
  <attribute-mappings>
    <mapping>
      <dest>onPremisesDistinguishedName</dest>
      <src>
        <attr>distinguishedName</attr>
      </src>
      <valueMergeType>Update</valueMergeType>
    </mapping>
    <mapping>
      <dest>accountEnabled</dest>
      <src>
        <attr>accountEnabled</attr>
      </src>
      <valueMergeType>Update</valueMergeType>
    </mapping>
    <mapping>
      <dest>commonName</dest>
      <src>
        <attr>cn</attr>
      </src>
      <valueMergeType>Update</valueMergeType>
    </mapping>
    <mapping>
      <dest>dnsDomainName</dest>
      <src>
        <attr>domainFQDN</attr>
      </src>
      <valueMergeType>Update</valueMergeType>
    </mapping>
    <mapping>
      <dest>lastPasswordChangeTimestamp</dest>
      <src>
        <attr>pwdLastSet</attr>
      </src>
      <valueMergeType>Update</valueMergeType>
    </mapping>
    <mapping>
      <dest>netBiosName</dest>
      <src>
        <attr>domainNetBios</attr>
      </src>
      <valueMergeType>Update</valueMergeType>
    </mapping>          
    <mapping>
      <dest>onPremisesSamAccountName</dest>
      <src>
        <attr>accountName</attr>
      </src>
      <valueMergeType>Update</valueMergeType>
    </mapping>      
    <mapping>
      <dest>onPremiseSecurityIdentifier</dest>
      <src>
        <attr>objectSid</attr>
      </src>
      <valueMergeType>Update</valueMergeType>
    </mapping>
    <mapping>
      <dest>dn</dest>
      <src>
        <attr>sourceAnchor</attr>
      </src>
      <expression>&quot;CN={&quot; &amp; ConvertToUTF8Hex([sourceAnchor]) &amp; &quot;}&quot;</expression>
      <valueMergeType>Update</valueMergeType>
    </mapping>
    <mapping>
      <dest>sourceAnchor</dest>
      <src>
        <attr>cloudSourceAnchor</attr>
        <attr>sourceAnchor</attr>
      </src>
      <expression>IIF(IsPresent([cloudSourceAnchor]), IIF(Word([cloudAnchor],1,"_")=[sourceObjectType],IIF([cloudSourceAnchor] = [sourceAnchor],[sourceAnchor],Error("SourceAnchor attribute has changed.")),[sourceAnchor]),[sourceAnchor])</expression>
      <valueMergeType>Update</valueMergeType>
    </mapping>
    <mapping>
      <dest>usageLocation</dest>
      <src>
        <attr>usageLocation</attr>
      </src>
      <expression>IIF(IsNullOrEmpty([usageLocation]),IgnoreThisFlow,[usageLocation])</expression>
      <valueMergeType>Update</valueMergeType>
    </mapping>
    <mapping>
      <dest>employeeHireDate</dest>
      <src>
        <attr>employeeHireDate</attr>
      </src>
      <valueMergeType>Update</valueMergeType>
    </mapping>
    <mapping>
      <dest>employeeLeaveDateTime</dest>
      <src>
        <attr>employeeLeaveDateTime</attr>
      </src>
      <valueMergeType>Update</valueMergeType>
    </mapping>
    <mapping>
      <dest>employeeOrgDataCostCenter</dest>
      <src>
        <attr>employeeOrgDataCostCenter</attr>
      </src>
      <valueMergeType>Update</valueMergeType>
    </mapping>
    <mapping>
      <dest>employeeOrgDataDivision</dest>
      <src>
        <attr>employeeOrgDataDivision</attr>
      </src>
      <valueMergeType>Update</valueMergeType>
    </mapping>
    <mapping>
      <dest>employeeType</dest>
      <src>
        <attr>employeeType</attr>
      </src>
      <valueMergeType>Update</valueMergeType>
    </mapping>
  </attribute-mappings>
  
  <relationshipCriteria>
    <conditions>
      <condition>
        <csAttribute>sourceAnchor</csAttribute>
        <ilmAttribute>sourceAnchor</ilmAttribute>
      </condition>
    </conditions>
  </relationshipCriteria>
  
  <synchronizationCriteria>
    <conditions>
      <scope>
        <csAttribute>sourceObjectType</csAttribute>
        <csOperator>EQUAL</csOperator>
        <csValue>User</csValue>
      </scope>
      <scope>
        <csAttribute>cloudMastered</csAttribute>
        <csOperator>NOTEQUAL</csOperator>
        <csValue>True</csValue>
      </scope>
      <scope>
        <csAttribute>cloudFiltered</csAttribute>
        <csOperator>NOTEQUAL</csOperator>
        <csValue>True</csValue>
      </scope>
      <scope>
        <csAttribute>sourceAnchor</csAttribute>
        <csOperator>ISNOTNULL</csOperator>
        <csValue />
      </scope>
      <scope>
        <csAttribute>accountEnabled</csAttribute>
        <csOperator>ISNOTNULL</csOperator>
        <csValue />
      </scope>
    </conditions>
  </synchronizationCriteria>
  
</synchronizationRule>