<!--FILEHASH:jkdOEII2U1SzRrwb6XruLw==-->
<synchronizationRule>
  <id>{00000000-0000-0000-0000-000000000000}</id>
  <version>1</version>
  <name>Out to AD - Group SOAInAAD - DN</name>
  <description>Out to AD - Group SOAInAAD - DN with display name</description>
  <immutable-tag>Microsoft.OuttoADGroupSOAInAADDN.001</immutable-tag>
  <direction>Outbound</direction>
  <connector>{00000000-0000-0000-0000-000000000000}</connector>
  <sourceObjectType>group</sourceObjectType>
  <targetObjectType>group</targetObjectType>
  <linkType>Join</linkType>
  <precedence>0</precedence>
  <precedence-after>{00000000-0000-0000-0000-000000000000}</precedence-after>
  <precedence-before>{00000000-0000-0000-0000-000000000000}</precedence-before>
  <softDeleteExpiryInterval>00:00:00</softDeleteExpiryInterval>
  <attribute-mappings>
    <mapping>
      <dest>dn</dest>
      <src>
        <attr>cloudAnchor</attr>
        <attr>displayName</attr>
      </src>
      <expression>EscapeDNComponent("CN=" &amp; Left(Trim([displayName]),51) &amp; "_" &amp; Right([cloudAnchor],12)) &amp; "," &amp; %Connector.GroupWriteBackContainerDn%</expression>
      <valueMergeType>Update</valueMergeType>
    </mapping>
  </attribute-mappings>
  <relationshipCriteria>
    <conditions>
      <condition>
        <csAttribute>adminDescription</csAttribute>
        <ilmAttribute>cloudAnchor</ilmAttribute>
      </condition>
    </conditions>
  </relationshipCriteria>
  <synchronizationCriteria>
    <conditions>
      <scope>
        <csAttribute>cloudMastered</csAttribute>
        <csOperator>EQUAL</csOperator>
        <csValue>true</csValue>
      </scope>
    </conditions>
  </synchronizationCriteria>
</synchronizationRule>
