<!--FILEHASH:tIo+JEOwTU8Oyk/FYRS3ag==-->
<synchronizationRule>
    <id>{00000000-0000-0000-0000-000000000000}</id>
    <version>1</version>
    <name>Out to AD - User NGCKey</name>
    <description />
    <immutable-tag>Microsoft.OuttoADUserNGCKey.001</immutable-tag>
    <direction>Outbound</direction>
    <connector>{00000000-0000-0000-0000-000000000000}</connector>
    <sourceObjectType>person</sourceObjectType>
    <targetObjectType>user</targetObjectType>
    <linkType>Join</linkType>
    <precedence>0</precedence>
    <precedence-after>{00000000-0000-0000-0000-000000000000}</precedence-after>
    <softDeleteExpiryInterval>00:00:00</softDeleteExpiryInterval>
    <attribute-mappings>
        <mapping>
            <dest>msDS-KeyCredentialLink</dest>
            <src>
                <attr>deviceKey</attr>
            </src>
            <valueMergeType>Update</valueMergeType>
        </mapping>
    </attribute-mappings>
    <relationshipCriteria/>
    <synchronizationCriteria>
        <conditions>
            <scope>
                <csAttribute>sourceAnchor</csAttribute>
                <csOperator>ISNOTNULL</csOperator>
                <csValue></csValue>
            </scope>
        </conditions>
    </synchronizationCriteria>  
</synchronizationRule>