<!--FILEHASH:YATyCfgI9hd4OC3cYWl8tw==-->
  <synchronizationRule>
  <id>{00000000-0000-0000-0000-000000000000}</id>
  <version>6</version>
  <name>Out to AD - Group SOAInAAD</name>
  <description>Out to AD - Group SOAInAAD - Common</description>
  <immutable-tag>Microsoft.OuttoADGroupSOAInAAD.005</immutable-tag>
  <direction>Outbound</direction>
  <connector>{00000000-0000-0000-0000-000000000000}</connector>
  <sourceObjectType>group</sourceObjectType>
  <targetObjectType>group</targetObjectType>
  <linkType>Provision</linkType>
  <precedence>0</precedence>
  <precedence-after>{00000000-0000-0000-0000-000000000000}</precedence-after>
  <precedence-before>{00000000-0000-0000-0000-000000000000}</precedence-before>
  <softDeleteExpiryInterval>00:00:00</softDeleteExpiryInterval>
  <attribute-mappings>
    <mapping>
      <dest>adminDescription</dest>
      <src>
        <attr>cloudAnchor</attr>
      </src>
      <valueMergeType>Update</valueMergeType>
    </mapping>
    <mapping>
      <dest>description</dest>
      <src>
        <attr>description</attr>
      </src>
      <valueMergeType>Update</valueMergeType>
    </mapping>
    <mapping>
      <dest>displayName</dest>
      <src>
        <attr>displayName</attr>
      </src>
      <valueMergeType>Update</valueMergeType>
    </mapping>
    <mapping>
      <dest>dn</dest>
      <src>
        <attr>cloudAnchor</attr>
      </src>
      <expression>"CN=" &amp; [cloudAnchor] &amp; "," &amp; %Connector.GroupWriteBackContainerDn%</expression>
      <valueMergeType>Update</valueMergeType>
    </mapping>
    <mapping>
      <dest>groupType</dest>
      <src>
        <attr>targetWritebackType</attr>
      </src>
      <expression>IIF(IsPresent([targetWritebackType]), IIF([targetWritebackType]="UniversalMailEnabledSecurityGroup", -2147483640, IIF([targetWritebackType]="UniversalSecurityGroup", -2147483640, 8)), 8)</expression>
      <valueMergeType>Update</valueMergeType>
    </mapping>
    <mapping>
      <dest>managedBy</dest>
      <src>
        <attr>managedBy</attr>
      </src>
      <valueMergeType>Update</valueMergeType>
    </mapping>
    <mapping>
      <dest>member</dest>
      <src>
        <attr>member</attr>
      </src>
      <valueMergeType>Update</valueMergeType>
    </mapping>
    <mapping>
      <dest>mail</dest>
      <expression>NULL</expression>
      <valueMergeType>Update</valueMergeType>
    </mapping>
    <mapping>
      <dest>mailNickname</dest>
      <expression>NULL</expression>
      <valueMergeType>Update</valueMergeType>
    </mapping>
    <mapping>
      <dest>msExchAddressBookFlags</dest>
      <expression>NULL</expression>
      <valueMergeType>Update</valueMergeType>
    </mapping>
    <mapping>
      <dest>msExchBypassAudit</dest>
      <expression>NULL</expression>
      <valueMergeType>Update</valueMergeType>
    </mapping>
    <mapping>
      <dest>msExchCoManagedByLink</dest>
      <expression>NULL</expression>
      <valueMergeType>Update</valueMergeType>
    </mapping>
    <mapping>
      <dest>msExchGroupDepartRestriction</dest>
      <expression>NULL</expression>
      <valueMergeType>Update</valueMergeType>
    </mapping>
    <mapping>
      <dest>msExchGroupJoinRestriction</dest>
      <expression>NULL</expression>
      <valueMergeType>Update</valueMergeType>
    </mapping>
    <mapping>
      <dest>msExchHideFromAddressLists</dest>
      <expression>NULL</expression>
      <valueMergeType>Update</valueMergeType>
    </mapping>
    <mapping>
      <dest>msExchLabeledURI</dest>
      <expression>NULL</expression>
      <valueMergeType>Update</valueMergeType>
    </mapping>
    <mapping>
      <dest>msExchLocalizationFlags</dest>
      <expression>NULL</expression>
      <valueMergeType>Update</valueMergeType>
    </mapping>
    <mapping>
      <dest>msExchMailboxAuditEnable</dest>
      <expression>NULL</expression>
      <valueMergeType>Update</valueMergeType>
    </mapping>
    <mapping>
      <dest>msExchMailboxAuditLogAgeLimit</dest>
      <expression>NULL</expression>
      <valueMergeType>Update</valueMergeType>
    </mapping>
    <mapping>
      <dest>msExchModerationFlags</dest>
      <expression>NULL</expression>
      <valueMergeType>Update</valueMergeType>
    </mapping>
    <mapping>
      <dest>msExchPoliciesExcluded</dest>
      <expression>NULL</expression>
      <valueMergeType>Update</valueMergeType>
    </mapping>
    <mapping>
      <dest>msExchProvisioningFlags</dest>
      <expression>NULL</expression>
      <valueMergeType>Update</valueMergeType>
    </mapping>
    <mapping>
      <dest>msExchRecipientDisplayType</dest>
      <expression>NULL</expression>
      <valueMergeType>Update</valueMergeType>
    </mapping>
    <mapping>
      <dest>msExchRecipientSoftDeletedStatus</dest>
      <expression>NULL</expression>
      <valueMergeType>Update</valueMergeType>
    </mapping>
    <mapping>
      <dest>msExchRecipientTypeDetails</dest>
      <expression>NULL</expression>
      <valueMergeType>Update</valueMergeType>
    </mapping>
    <mapping>
      <dest>msExchRequireAuthToSendTo</dest>
      <expression>NULL</expression>
      <valueMergeType>Update</valueMergeType>
    </mapping>
    <mapping>
      <dest>msExchRoleGroupType</dest>
      <expression>NULL</expression>
      <valueMergeType>Update</valueMergeType>
    </mapping>
    <mapping>
      <dest>msExchTransportRecipientSettingsFlags</dest>
      <expression>NULL</expression>
      <valueMergeType>Update</valueMergeType>
    </mapping>
    <mapping>
      <dest>msExchVersion</dest>
      <expression>NULL</expression>
      <valueMergeType>Update</valueMergeType>
    </mapping>
    <mapping>
      <dest>proxyAddresses</dest>
      <expression>NULL</expression>
      <valueMergeType>Update</valueMergeType>
    </mapping>
    <mapping>
      <dest>targetAddress</dest>
      <expression>NULL</expression>
      <valueMergeType>Update</valueMergeType>
    </mapping>
  </attribute-mappings>
  <relationshipCriteria>
    <conditions>
      <condition>
        <csAttribute>adminDescription</csAttribute>
        <ilmAttribute>cloudAnchor</ilmAttribute>
      </condition>
    </conditions>
  </relationshipCriteria>
  <synchronizationCriteria>
    <conditions>
      <scope>
        <csAttribute>cloudMastered</csAttribute>
        <csOperator>EQUAL</csOperator>
        <csValue>true</csValue>
      </scope>
      <scope>
        <csAttribute>reasonFiltered</csAttribute>
        <csOperator>ISNULL</csOperator>
        <csValue />
      </scope>
    </conditions>
    <conditions>
      <scope>
        <csAttribute>cloudMastered</csAttribute>
        <csOperator>EQUAL</csOperator>
        <csValue>true</csValue>
      </scope>
      <scope>
        <csAttribute>reasonFiltered</csAttribute>
        <csOperator>NOTEQUAL</csOperator>
        <csValue>DeleteThisGroupInAD</csValue>
      </scope>
    </conditions>
  </synchronizationCriteria>
</synchronizationRule>
