<!--FILEHASH:hbWDIsNAzMy89UJgS3uOPQ==-->
<synchronizationRule>
  <id>{00000000-0000-0000-0000-000000000000}</id>
  <version>1</version>
  <name>Out to AAD - Group DirectoryExtension</name>
  <description />
  <immutable-tag>Microsoft.OuttoAADGroupDirectoryExtension.002</immutable-tag>
  <direction>Outbound</direction>
  <connector>{00000000-0000-0000-0000-000000000000}</connector>
  <sourceObjectType>group</sourceObjectType>
  <targetObjectType>group</targetObjectType>
  <linkType>Join</linkType>
  <precedence>0</precedence>
  <precedence-after>{00000000-0000-0000-0000-000000000000}</precedence-after>
  <softDeleteExpiryInterval>00:00:00</softDeleteExpiryInterval>
  <attribute-mappings />
  <relationshipCriteria>
    <conditions>
      <condition>
        <csAttribute>sourceAnchor</csAttribute>
        <ilmAttribute>sourceAnchor</ilmAttribute>
      </condition>
    </conditions>
  </relationshipCriteria>
  <synchronizationCriteria>
    <conditions>
      <scope>
        <csAttribute>sourceAnchor</csAttribute>
        <csOperator>ISNOTNULL</csOperator>
        <csValue />
      </scope>
      <scope>
        <csAttribute>cloudMastered</csAttribute>
        <csOperator>NOTEQUAL</csOperator>
        <csValue>True</csValue>
      </scope>
    </conditions>
  </synchronizationCriteria>
</synchronizationRule>