﻿<!--FILEHASH:zzhn51rqSe9llSGiUxpU+w==-->
<synchronizationRule>
  <id>{00000000-0000-0000-0000-000000000000}</id>
  <version>1</version>
  <name>Out to AAD - Group Writeup Member Limit</name>
  <description>Out to AAD - Group Writeup Member Limit</description>
  <immutable-tag>Microsoft.OuttoAADGroupWriteupMemberLimit.003</immutable-tag>
  <direction>Outbound</direction>
  <connector>{00000000-0000-0000-0000-000000000000}</connector>
  <sourceObjectType>group</sourceObjectType>
  <targetObjectType>group</targetObjectType>
  <linkType>Join</linkType>
  <precedence>0</precedence>
  <precedence-after>{00000000-0000-0000-0000-000000000000}</precedence-after>
  <softDeleteExpiryInterval>00:00:00</softDeleteExpiryInterval>
  <attribute-mappings>
    <mapping>
      <dest>member</dest>
      <src>
        <attr>member</attr>
      </src>
      <expression>IIF((ValueCount("member")> 250000),Error("Maximum Group member count exceeded. Visit https://go.microsoft.com/fwlink/?linkid=2154336 for more information."),IgnoreThisFlow)</expression>
      <valueMergeType>Update</valueMergeType>
    </mapping>
  </attribute-mappings>
  <synchronizationCriteria>
    <conditions>
      <scope>
        <csAttribute>cloudFiltered</csAttribute>
        <csOperator>NOTEQUAL</csOperator>
        <csValue>True</csValue>
      </scope>
      <scope>
        <csAttribute>sourceAnchor</csAttribute>
        <csOperator>ISNOTNULL</csOperator>
        <csValue />
      </scope>
      <scope>
        <csAttribute>cloudMastered</csAttribute>
        <csOperator>NOTEQUAL</csOperator>
        <csValue>True</csValue>
      </scope>
      <scope>
        <csAttribute>securityEnabled</csAttribute>
        <csOperator>EQUAL</csOperator>
        <csValue>True</csValue>
      </scope>
      <scope>
        <csAttribute>cloudAnchor</csAttribute>
        <csOperator>ISNOTNULL</csOperator>
        <csValue />
      </scope>
    </conditions>
    <conditions>
      <scope>
        <csAttribute>cloudFiltered</csAttribute>
        <csOperator>NOTEQUAL</csOperator>
        <csValue>True</csValue>
      </scope>
      <scope>
        <csAttribute>sourceAnchor</csAttribute>
        <csOperator>ISNOTNULL</csOperator>
        <csValue />
      </scope>
      <scope>
        <csAttribute>cloudMastered</csAttribute>
        <csOperator>NOTEQUAL</csOperator>
        <csValue>True</csValue>
      </scope>
      <scope>
        <csAttribute>securityEnabled</csAttribute>
        <csOperator>EQUAL</csOperator>
        <csValue>True</csValue>
      </scope>
    </conditions>
    <conditions>
      <scope>
        <csAttribute>cloudFiltered</csAttribute>
        <csOperator>NOTEQUAL</csOperator>
        <csValue>True</csValue>
      </scope>
      <scope>
        <csAttribute>sourceAnchor</csAttribute>
        <csOperator>ISNOTNULL</csOperator>
        <csValue />
      </scope>
      <scope>
        <csAttribute>cloudMastered</csAttribute>
        <csOperator>NOTEQUAL</csOperator>
        <csValue>True</csValue>
      </scope>
      <scope>
        <csAttribute>mailEnabled</csAttribute>
        <csOperator>EQUAL</csOperator>
        <csValue>True</csValue>
      </scope>
      <scope>
        <csAttribute>cloudAnchor</csAttribute>
        <csOperator>ISNOTNULL</csOperator>
        <csValue />
      </scope>
    </conditions>
    <conditions>
      <scope>
        <csAttribute>cloudFiltered</csAttribute>
        <csOperator>NOTEQUAL</csOperator>
        <csValue>True</csValue>
      </scope>
      <scope>
        <csAttribute>sourceAnchor</csAttribute>
        <csOperator>ISNOTNULL</csOperator>
        <csValue />
      </scope>
      <scope>
        <csAttribute>cloudMastered</csAttribute>
        <csOperator>NOTEQUAL</csOperator>
        <csValue>True</csValue>
      </scope>
      <scope>
        <csAttribute>mailEnabled</csAttribute>
        <csOperator>EQUAL</csOperator>
        <csValue>True</csValue>
      </scope>
    </conditions>
  </synchronizationCriteria>
</synchronizationRule>
