﻿<?xml version="1.0" encoding="utf-8"?>

<SynchronizationRuleTemplateConfig xmlns:xsd="http://www.w3.org/2001/XMLSchema" xmlns:xsi="http://www.w3.org/2001/XMLSchema-instance">
    <Templates>

        <!-- Inbound Active Directory Domain Services Templates -->
        <SynchronizationRuleTemplate>
            <TemplateFileName>In from AD - User Join.xml</TemplateFileName>
            <TemplateCriteria>alwaysenabled</TemplateCriteria>
            <ConnectorType>AD</ConnectorType>
            <ApplyCustomUserJoinCriteria>true</ApplyCustomUserJoinCriteria>
            <Precedence>1</Precedence>
        </SynchronizationRuleTemplate>
        <SynchronizationRuleTemplate>
            <TemplateFileName>In from AD - User Filtering.xml</TemplateFileName>
            <TemplateCriteria>attributeSet contains GroupFiltering</TemplateCriteria>
            <ConnectorType>AD</ConnectorType>
            <Precedence>2</Precedence>
        </SynchronizationRuleTemplate>
        <SynchronizationRuleTemplate>
            <TemplateFileName>In from AD - InetOrgPerson Join.xml</TemplateFileName>
            <TemplateCriteria>alwaysenabled</TemplateCriteria>
            <ConnectorType>AD</ConnectorType>
            <ApplyCustomUserJoinCriteria>true</ApplyCustomUserJoinCriteria>
            <Precedence>5</Precedence>
        </SynchronizationRuleTemplate>
        <SynchronizationRuleTemplate>
            <TemplateFileName>In from AD - InetOrgPerson Filtering.xml</TemplateFileName>
            <TemplateCriteria>attributeSet contains GroupFiltering</TemplateCriteria>
            <ConnectorType>AD</ConnectorType>
            <Precedence>6</Precedence>
        </SynchronizationRuleTemplate>
        <SynchronizationRuleTemplate>
            <TemplateFileName>In from AD - User AccountEnabled.xml</TemplateFileName>
            <TemplateCriteria>alwaysenabled</TemplateCriteria>
            <ConnectorType>AD</ConnectorType>
            <CustomUserAnchorAttribute>MS_PERSON_ANCHOR</CustomUserAnchorAttribute>
            <CustomUserUPNAttribute>MS_PERSON_UPN</CustomUserUPNAttribute>
            <Precedence>7</Precedence>
        </SynchronizationRuleTemplate>
        <SynchronizationRuleTemplate>
            <TemplateFileName>In from AD - InetOrgPerson AccountEnabled.xml</TemplateFileName>
            <TemplateCriteria>alwaysenabled</TemplateCriteria>
            <ConnectorType>AD</ConnectorType>
            <CustomUserAnchorAttribute>MS_PERSON_ANCHOR</CustomUserAnchorAttribute>
            <CustomUserUPNAttribute>MS_PERSON_UPN</CustomUserUPNAttribute>
            <Precedence>8</Precedence>
        </SynchronizationRuleTemplate>
        <SynchronizationRuleTemplate>
            <TemplateFileName>In from AD - User Common from Exchange.xml</TemplateFileName>
            <TemplateCriteria>attributeschema contains mailNickname</TemplateCriteria>
            <ConnectorType>AD</ConnectorType>
            <Precedence>9</Precedence>
        </SynchronizationRuleTemplate>
        <SynchronizationRuleTemplate>
            <TemplateFileName>In from AD - InetOrgPerson Common from Exchange.xml</TemplateFileName>
            <TemplateCriteria>attributeschema contains mailNickname</TemplateCriteria>
            <ConnectorType>AD</ConnectorType>
            <Precedence>10</Precedence>
        </SynchronizationRuleTemplate>
        <SynchronizationRuleTemplate>
            <TemplateFileName>In from AD - User Common.xml</TemplateFileName>
            <TemplateCriteria>alwaysenabled</TemplateCriteria>
            <ConnectorType>AD</ConnectorType>
            <CustomUserAnchorAttribute>MS_PERSON_ANCHOR</CustomUserAnchorAttribute>
            <CustomUserUPNAttribute>MS_PERSON_UPN</CustomUserUPNAttribute>
            <Precedence>11</Precedence>
        </SynchronizationRuleTemplate>
        <SynchronizationRuleTemplate>
            <TemplateFileName>In from AD - InetOrgPerson Common.xml</TemplateFileName>
            <TemplateCriteria>alwaysenabled</TemplateCriteria>
            <ConnectorType>AD</ConnectorType>
            <CustomUserAnchorAttribute>MS_PERSON_ANCHOR</CustomUserAnchorAttribute>
            <CustomUserUPNAttribute>MS_PERSON_UPN</CustomUserUPNAttribute>
            <Precedence>12</Precedence>
        </SynchronizationRuleTemplate>
        <SynchronizationRuleTemplate>
            <TemplateFileName>In from AD - User Exchange.xml</TemplateFileName>
            <TemplateCriteria>attributeschema contains mailNickname</TemplateCriteria>
            <ConnectorType>AD</ConnectorType>
            <Precedence>13</Precedence>
        </SynchronizationRuleTemplate>
        <SynchronizationRuleTemplate>
            <TemplateFileName>In from AD - InetOrgPerson Exchange.xml</TemplateFileName>
            <TemplateCriteria>attributeschema contains mailNickname</TemplateCriteria>
            <ConnectorType>AD</ConnectorType>
            <Precedence>14</Precedence>
        </SynchronizationRuleTemplate>
        <SynchronizationRuleTemplate>
            <TemplateFileName>In from AD - User Lync.xml</TemplateFileName>
            <TemplateCriteria>attributeschema contains msRTCSIP-PrimaryUserAddress</TemplateCriteria>
            <ConnectorType>AD</ConnectorType>
            <Precedence>15</Precedence>
        </SynchronizationRuleTemplate>
        <SynchronizationRuleTemplate>
            <TemplateFileName>In from AD - InetOrgPerson Lync.xml</TemplateFileName>
            <TemplateCriteria>attributeschema contains msRTCSIP-PrimaryUserAddress</TemplateCriteria>
            <ConnectorType>AD</ConnectorType>
            <Precedence>16</Precedence>
        </SynchronizationRuleTemplate>
        <SynchronizationRuleTemplate>
            <TemplateFileName>In from AD - Group Join.xml</TemplateFileName>
            <TemplateCriteria>alwaysenabled</TemplateCriteria>
            <ApplyCustomGroupJoinCriteria>true</ApplyCustomGroupJoinCriteria>
            <ConnectorType>AD</ConnectorType>
            <Precedence>20</Precedence>
        </SynchronizationRuleTemplate>
        <SynchronizationRuleTemplate>
            <TemplateFileName>In from AD - Group Filtering.xml</TemplateFileName>
            <TemplateCriteria>attributeSet contains GroupFiltering</TemplateCriteria>
            <ConnectorType>AD</ConnectorType>
            <Precedence>21</Precedence>
        </SynchronizationRuleTemplate>
        <SynchronizationRuleTemplate>
            <TemplateFileName>In from AD - Group Exchange.xml</TemplateFileName>
            <TemplateCriteria>attributeschema contains mailNickname</TemplateCriteria>
            <ConnectorType>AD</ConnectorType>
            <Precedence>22</Precedence>
        </SynchronizationRuleTemplate>
        <SynchronizationRuleTemplate>
            <TemplateFileName>In from AD - Group Common.xml</TemplateFileName>
            <TemplateCriteria>alwaysenabled</TemplateCriteria>
            <ApplyCustomGroupJoinCriteria>true</ApplyCustomGroupJoinCriteria>
            <ConnectorType>AD</ConnectorType>
            <Precedence>23</Precedence>
        </SynchronizationRuleTemplate>
        <SynchronizationRuleTemplate>
            <TemplateFileName>In from AD - Contact Join.xml</TemplateFileName>
            <TemplateCriteria>alwaysenabled</TemplateCriteria>
            <ConnectorType>AD</ConnectorType>
            <Precedence>30</Precedence>
        </SynchronizationRuleTemplate>
        <SynchronizationRuleTemplate>
            <TemplateFileName>In from AD - Contact Filtering.xml</TemplateFileName>
            <TemplateCriteria>attributeSet contains GroupFiltering</TemplateCriteria>
            <ConnectorType>AD</ConnectorType>
            <Precedence>31</Precedence>
        </SynchronizationRuleTemplate>
        <SynchronizationRuleTemplate>
            <TemplateFileName>In from AD - Contact Common.xml</TemplateFileName>
            <TemplateCriteria>alwaysenabled</TemplateCriteria>
            <ConnectorType>AD</ConnectorType>
            <Precedence>32</Precedence>
        </SynchronizationRuleTemplate>
        <SynchronizationRuleTemplate>
            <TemplateFileName>In from AD - Contact Lync.xml</TemplateFileName>
            <TemplateCriteria>attributeschema contains msRTCSIP-PrimaryUserAddress</TemplateCriteria>
            <ConnectorType>AD</ConnectorType>
            <Precedence>33</Precedence>
        </SynchronizationRuleTemplate>
        <SynchronizationRuleTemplate>
            <TemplateFileName>In from AD - ForeignSecurityPrincipal Join.xml</TemplateFileName>
            <TemplateCriteria>alwaysenabled</TemplateCriteria>
            <ConnectorType>AD</ConnectorType>
            <Precedence>34</Precedence>
        </SynchronizationRuleTemplate>
        <SynchronizationRuleTemplate>
            <TemplateFileName>In from AD - Computer Join.xml</TemplateFileName>
            <TemplateCriteria>alwaysenabled</TemplateCriteria>
            <ConnectorType>AD</ConnectorType>
            <Precedence>203</Precedence>
        </SynchronizationRuleTemplate>
        <SynchronizationRuleTemplate>
            <TemplateFileName>In from AD - Device Common.xml</TemplateFileName>
            <TemplateCriteria>attributeschema contains msDS-DeviceID + attributeschema contains msDS-CloudAnchor</TemplateCriteria>
            <ConnectorType>AD</ConnectorType>
            <Precedence>206</Precedence>
        </SynchronizationRuleTemplate>
        <SynchronizationRuleTemplate>
          <TemplateFileName>In from AD - Computer Filtering.xml</TemplateFileName>
          <TemplateCriteria>attributeSet contains GroupFiltering</TemplateCriteria>
          <ConnectorType>AD</ConnectorType>
          <Precedence>207</Precedence>
        </SynchronizationRuleTemplate>
        <SynchronizationRuleTemplate>
            <TemplateFileName>In from AD - User Join SOAInAAD.xml</TemplateFileName>
            <TemplateCriteria>attributeSet contains UserWriteBack</TemplateCriteria>
            <ConnectorType>AD</ConnectorType>
            <CustomUserAnchorAttribute>MS_PERSON_ANCHOR</CustomUserAnchorAttribute>
            <Precedence>253</Precedence>
        </SynchronizationRuleTemplate>
        <SynchronizationRuleTemplate>
            <TemplateFileName>In from AD - ExchangeMailPublicFolder Join.xml</TemplateFileName>
            <TemplateCriteria>attributeschema contains mailNickname + attributeSet contains ExchangeMailPublicFolder</TemplateCriteria>
            <ConnectorType>AD</ConnectorType>
            <Precedence>406</Precedence>
        </SynchronizationRuleTemplate>

        <!-- Inbound Generic LDAP Templates -->
        <!-- Group Filtering and Directory Extension templates are commented out for now since both these features are not supported by LDAP Private Preview, but
        these templates need to be re enabled once we have these features available for LDAP-->
        <SynchronizationRuleTemplate>
            <TemplateFileName>In from AD LDAP - GroupOfNames.xml</TemplateFileName>
            <TemplateCriteria>attributeschema contains objectGUID + objectschema contains groupOfNames</TemplateCriteria>
            <ConnectorType>Generic LDAP (Microsoft)</ConnectorType>
            <Precedence>301</Precedence>
        </SynchronizationRuleTemplate>
        <SynchronizationRuleTemplate>
            <TemplateFileName>In from LDAP - GroupOfNames.xml</TemplateFileName>
            <TemplateCriteria>attributeschema doesntcontain objectGUID + objectschema contains groupOfNames</TemplateCriteria>
            <ConnectorType>Generic LDAP (Microsoft)</ConnectorType>
            <Precedence>302</Precedence>
        </SynchronizationRuleTemplate>
        <!--<SynchronizationRuleTemplate>
            <TemplateFileName>In from LDAP - GroupOfNames Filtering.xml</TemplateFileName>
            <TemplateCriteria>attributeSet contains GroupFiltering + objectschema contains groupOfNames</TemplateCriteria>
            <ConnectorType>Generic LDAP (Microsoft)</ConnectorType>
            <Precedence>303</Precedence>
        </SynchronizationRuleTemplate>-->
        <SynchronizationRuleTemplate>
            <TemplateFileName>In from AD LDAP - InetOrgPerson.xml</TemplateFileName>
            <TemplateCriteria>attributeschema contains objectGUID + objectschema contains inetOrgPerson</TemplateCriteria>
            <ConnectorType>Generic LDAP (Microsoft)</ConnectorType>
            <ApplyCustomUserJoinCriteria>true</ApplyCustomUserJoinCriteria>
            <CustomUserAnchorAttribute>MS_PERSON_ANCHOR</CustomUserAnchorAttribute>
            <CustomUserUPNAttribute>MS_PERSON_UPN</CustomUserUPNAttribute>
            <Precedence>304</Precedence>
        </SynchronizationRuleTemplate>
        <SynchronizationRuleTemplate>
            <TemplateFileName>In from LDAP - InetOrgPerson.xml</TemplateFileName>
            <TemplateCriteria>attributeschema doesntcontain objectGUID + objectschema contains inetOrgPerson</TemplateCriteria>
            <ConnectorType>Generic LDAP (Microsoft)</ConnectorType>
            <ApplyCustomUserJoinCriteria>true</ApplyCustomUserJoinCriteria>
            <CustomUserAnchorAttribute>MS_PERSON_ANCHOR</CustomUserAnchorAttribute>
            <CustomUserUPNAttribute>MS_PERSON_UPN</CustomUserUPNAttribute>
            <Precedence>305</Precedence>
        </SynchronizationRuleTemplate>
        <!--<SynchronizationRuleTemplate>
            <TemplateFileName>In from LDAP - InetOrgPerson Filtering.xml</TemplateFileName>
            <TemplateCriteria>attributeSet contains GroupFiltering + objectschema contains inetOrgPerson</TemplateCriteria>
            <ConnectorType>Generic LDAP (Microsoft)</ConnectorType>
            <Precedence>306</Precedence>
        </SynchronizationRuleTemplate>-->
        <SynchronizationRuleTemplate>
            <TemplateFileName>In from LDAP - GroupOfUniqueNames.xml</TemplateFileName>
            <TemplateCriteria>objectschema contains groupOfUniqueNames</TemplateCriteria>
            <ConnectorType>Generic LDAP (Microsoft)</ConnectorType>
            <Precedence>307</Precedence>
        </SynchronizationRuleTemplate>
        <!--<SynchronizationRuleTemplate>
            <TemplateFileName>In from LDAP - GroupOfUniqueNames Filtering.xml</TemplateFileName>
            <TemplateCriteria>attributeSet contains GroupFiltering + objectschema contains groupOfUniqueNames</TemplateCriteria>
            <ConnectorType>Generic LDAP (Microsoft)</ConnectorType>
            <Precedence>308</Precedence>
        </SynchronizationRuleTemplate>-->

        <!-- Directory Extension - Inbound Generic LDAP Templates -->
        <!--<SynchronizationRuleTemplate>
            <TemplateFileName>In from LDAP - InetOrgPerson DirectoryExtension.xml</TemplateFileName>
            <TemplateCriteria>attributeSet contains DirectoryExtension + objectschema contains inetOrgPerson</TemplateCriteria>
            <ConnectorType>Generic LDAP (Microsoft)</ConnectorType>
            <ApplyDirectoryExtensionAttributes>true</ApplyDirectoryExtensionAttributes>
            <Precedence>309</Precedence>
        </SynchronizationRuleTemplate>
        <SynchronizationRuleTemplate>
            <TemplateFileName>In from LDAP - GroupOfNames DirectoryExtension.xml</TemplateFileName>
            <TemplateCriteria>attributeSet contains DirectoryExtension + objectschema contains groupOfNames</TemplateCriteria>
            <ConnectorType>Generic LDAP (Microsoft)</ConnectorType>
            <ApplyDirectoryExtensionAttributes>true</ApplyDirectoryExtensionAttributes>
            <Precedence>310</Precedence>
        </SynchronizationRuleTemplate>
        <SynchronizationRuleTemplate>
            <TemplateFileName>In from LDAP - GroupOfUniqueNames DirectoryExtension.xml</TemplateFileName>
            <TemplateCriteria>attributeSet contains DirectoryExtension + objectschema contains groupOfUniqueNames</TemplateCriteria>
            <ConnectorType>Generic LDAP (Microsoft)</ConnectorType>
            <ApplyDirectoryExtensionAttributes>true</ApplyDirectoryExtensionAttributes>
            <Precedence>311</Precedence>
        </SynchronizationRuleTemplate>-->

        <!-- Inbound Azure Active Directory Templates -->
        <SynchronizationRuleTemplate>
            <TemplateFileName>In from AAD - User Join.xml</TemplateFileName>
            <TemplateCriteria>alwaysenabled</TemplateCriteria>
            <ConnectorIdentifierPrefix>b891884f-051e-4a83-95af-2544101c9083</ConnectorIdentifierPrefix>
            <Precedence>40</Precedence>
        </SynchronizationRuleTemplate>
        <SynchronizationRuleTemplate>
            <TemplateFileName>In from AAD - User NGCKey.xml</TemplateFileName>
            <TemplateCriteria>alwaysenabled</TemplateCriteria>
            <ConnectorIdentifierPrefix>b891884f-051e-4a83-95af-2544101c9083</ConnectorIdentifierPrefix>
            <Precedence>49</Precedence>
        </SynchronizationRuleTemplate>
        <SynchronizationRuleTemplate>
            <TemplateFileName>In from AAD - Contact Join.xml</TemplateFileName>
            <TemplateCriteria>alwaysenabled</TemplateCriteria>
            <ConnectorIdentifierPrefix>b891884f-051e-4a83-95af-2544101c9083</ConnectorIdentifierPrefix>
            <Precedence>41</Precedence>
        </SynchronizationRuleTemplate>
        <SynchronizationRuleTemplate>
            <TemplateFileName>In from AAD - Group Join.xml</TemplateFileName>
            <TemplateCriteria>alwaysenabled</TemplateCriteria>
            <ConnectorIdentifierPrefix>b891884f-051e-4a83-95af-2544101c9083</ConnectorIdentifierPrefix>
            <Precedence>42</Precedence>
        </SynchronizationRuleTemplate>
        <SynchronizationRuleTemplate>
            <TemplateFileName>In from AAD - Group SOAInAAD.xml</TemplateFileName>
            <TemplateCriteria>attributeSet contains GroupWriteBack</TemplateCriteria>
            <ConnectorIdentifierPrefix>b891884f-051e-4a83-95af-2544101c9083</ConnectorIdentifierPrefix>
            <Precedence>43</Precedence>
        </SynchronizationRuleTemplate>
        <SynchronizationRuleTemplate>
            <TemplateFileName>In from AAD - Device Common.xml</TemplateFileName>
            <TemplateCriteria>alwaysenabled</TemplateCriteria>
            <ConnectorIdentifierPrefix>b891884f-051e-4a83-95af-2544101c9083</ConnectorIdentifierPrefix>
            <Precedence>202</Precedence>
        </SynchronizationRuleTemplate>
        <SynchronizationRuleTemplate>
            <TemplateFileName>In from AAD - Device Join SOAInAAD.xml</TemplateFileName>
            <TemplateCriteria>attributeSet contains DeviceWriteBack</TemplateCriteria>
            <ConnectorIdentifierPrefix>b891884f-051e-4a83-95af-2544101c9083</ConnectorIdentifierPrefix>
            <Precedence>201</Precedence>
        </SynchronizationRuleTemplate>
        <SynchronizationRuleTemplate>
            <TemplateFileName>In from AAD - User Join SOAInAAD.xml</TemplateFileName>
            <TemplateCriteria>attributeSet contains UserWriteBack</TemplateCriteria>
            <ConnectorIdentifierPrefix>b891884f-051e-4a83-95af-2544101c9083</ConnectorIdentifierPrefix>
            <Precedence>251</Precedence>
        </SynchronizationRuleTemplate>
        <SynchronizationRuleTemplate>
            <TemplateFileName>In from AAD - ExchangeMailPublicFolder Join.xml</TemplateFileName>
            <TemplateCriteria>attributeSet contains ExchangeMailPublicFolder</TemplateCriteria>
            <ConnectorIdentifierPrefix>b891884f-051e-4a83-95af-2544101c9083</ConnectorIdentifierPrefix>
            <Precedence>408</Precedence>
        </SynchronizationRuleTemplate>

        <!-- Outbound Azure Active Directory Templates -->

        <SynchronizationRuleTemplate>
            <TemplateFileName>Out to AAD - User Join.xml</TemplateFileName>
            <TemplateCriteria>alwaysenabled</TemplateCriteria>
            <ConnectorIdentifierPrefix>b891884f-051e-4a83-95af-2544101c9083</ConnectorIdentifierPrefix>
            <Precedence>50</Precedence>
        </SynchronizationRuleTemplate>
        <SynchronizationRuleTemplate>
            <TemplateFileName>Out to AAD - User Identity.xml</TemplateFileName>
            <TemplateCriteria>attributeSet contains Identity</TemplateCriteria>
            <ConnectorIdentifierPrefix>b891884f-051e-4a83-95af-2544101c9083</ConnectorIdentifierPrefix>
            <Precedence>51</Precedence>
        </SynchronizationRuleTemplate>
        <SynchronizationRuleTemplate>
            <TemplateFileName>Out to AAD - User ExchangeOnline.xml</TemplateFileName>
            <TemplateCriteria>attributeSet contains ExchangeOnline</TemplateCriteria>
            <ConnectorIdentifierPrefix>b891884f-051e-4a83-95af-2544101c9083</ConnectorIdentifierPrefix>
            <Precedence>52</Precedence>
        </SynchronizationRuleTemplate>
        <SynchronizationRuleTemplate>
            <TemplateFileName>Out to AAD - User DynamicsCRM.xml</TemplateFileName>
            <TemplateCriteria>attributeSet contains DynamicsCRM</TemplateCriteria>
            <ConnectorIdentifierPrefix>b891884f-051e-4a83-95af-2544101c9083</ConnectorIdentifierPrefix>
            <Precedence>53</Precedence>
        </SynchronizationRuleTemplate>
        <SynchronizationRuleTemplate>
            <TemplateFileName>Out to AAD - User Intune.xml</TemplateFileName>
            <TemplateCriteria>attributeSet contains Intune</TemplateCriteria>
            <ConnectorIdentifierPrefix>b891884f-051e-4a83-95af-2544101c9083</ConnectorIdentifierPrefix>
            <Precedence>54</Precedence>
        </SynchronizationRuleTemplate>
        <SynchronizationRuleTemplate>
            <TemplateFileName>Out to AAD - User LyncOnline.xml</TemplateFileName>
            <TemplateCriteria>attributeSet contains LyncOnline</TemplateCriteria>
            <ConnectorIdentifierPrefix>b891884f-051e-4a83-95af-2544101c9083</ConnectorIdentifierPrefix>
            <Precedence>55</Precedence>
        </SynchronizationRuleTemplate>
        <SynchronizationRuleTemplate>
            <TemplateFileName>Out to AAD - User SharePointOnline.xml</TemplateFileName>
            <TemplateCriteria>attributeSet contains SharePointOnline</TemplateCriteria>
            <ConnectorIdentifierPrefix>b891884f-051e-4a83-95af-2544101c9083</ConnectorIdentifierPrefix>
            <Precedence>56</Precedence>
        </SynchronizationRuleTemplate>
        <SynchronizationRuleTemplate>
            <TemplateFileName>Out to AAD - User AzureRMS.xml</TemplateFileName>
            <TemplateCriteria>attributeSet contains AzureRMS</TemplateCriteria>
            <ConnectorIdentifierPrefix>b891884f-051e-4a83-95af-2544101c9083</ConnectorIdentifierPrefix>
            <Precedence>57</Precedence>
        </SynchronizationRuleTemplate>
        <SynchronizationRuleTemplate>
            <TemplateFileName>Out to AAD - Contact Join.xml</TemplateFileName>
            <TemplateCriteria>attributeSet doesntContain OfficeProPlusOnly</TemplateCriteria>
            <ConnectorIdentifierPrefix>b891884f-051e-4a83-95af-2544101c9083</ConnectorIdentifierPrefix>
            <Precedence>60</Precedence>
        </SynchronizationRuleTemplate>
        <SynchronizationRuleTemplate>
            <TemplateFileName>Out to AAD - Contact Identity.xml</TemplateFileName>
            <TemplateCriteria>attributeSet contains Identity</TemplateCriteria>
            <ConnectorIdentifierPrefix>b891884f-051e-4a83-95af-2544101c9083</ConnectorIdentifierPrefix>
            <Precedence>61</Precedence>
        </SynchronizationRuleTemplate>
        <SynchronizationRuleTemplate>
            <TemplateFileName>Out to AAD - Contact ExchangeOnline.xml</TemplateFileName>
            <TemplateCriteria>attributeSet contains ExchangeOnline</TemplateCriteria>
            <ConnectorIdentifierPrefix>b891884f-051e-4a83-95af-2544101c9083</ConnectorIdentifierPrefix>
            <Precedence>62</Precedence>
        </SynchronizationRuleTemplate>
        <SynchronizationRuleTemplate>
            <TemplateFileName>Out to AAD - Contact DynamicsCRM.xml</TemplateFileName>
            <TemplateCriteria>attributeSet contains DynamicsCRM</TemplateCriteria>
            <ConnectorIdentifierPrefix>b891884f-051e-4a83-95af-2544101c9083</ConnectorIdentifierPrefix>
            <Precedence>63</Precedence>
        </SynchronizationRuleTemplate>
        <SynchronizationRuleTemplate>
            <TemplateFileName>Out to AAD - Contact Intune.xml</TemplateFileName>
            <TemplateCriteria>attributeSet contains Intune</TemplateCriteria>
            <ConnectorIdentifierPrefix>b891884f-051e-4a83-95af-2544101c9083</ConnectorIdentifierPrefix>
            <Precedence>64</Precedence>
        </SynchronizationRuleTemplate>
        <SynchronizationRuleTemplate>
            <TemplateFileName>Out to AAD - Contact LyncOnline.xml</TemplateFileName>
            <TemplateCriteria>attributeSet contains LyncOnline</TemplateCriteria>
            <ConnectorIdentifierPrefix>b891884f-051e-4a83-95af-2544101c9083</ConnectorIdentifierPrefix>
            <Precedence>65</Precedence>
        </SynchronizationRuleTemplate>
        <SynchronizationRuleTemplate>
            <TemplateFileName>Out to AAD - Contact SharePointOnline.xml</TemplateFileName>
            <TemplateCriteria>attributeSet contains SharePointOnline</TemplateCriteria>
            <ConnectorIdentifierPrefix>b891884f-051e-4a83-95af-2544101c9083</ConnectorIdentifierPrefix>
            <Precedence>66</Precedence>
        </SynchronizationRuleTemplate>
        <SynchronizationRuleTemplate>
            <TemplateFileName>Out to AAD - Contact AzureRMS.xml</TemplateFileName>
            <TemplateCriteria>attributeSet contains AzureRMS</TemplateCriteria>
            <ConnectorIdentifierPrefix>b891884f-051e-4a83-95af-2544101c9083</ConnectorIdentifierPrefix>
            <Precedence>67</Precedence>
        </SynchronizationRuleTemplate>
        <SynchronizationRuleTemplate>
            <TemplateFileName>Out to AAD - Group Join.xml</TemplateFileName>
            <TemplateCriteria>attributeSet doesntContain OfficeProPlusOnly</TemplateCriteria>
            <ConnectorIdentifierPrefix>b891884f-051e-4a83-95af-2544101c9083</ConnectorIdentifierPrefix>
            <Precedence>69</Precedence>
        </SynchronizationRuleTemplate>
        <SynchronizationRuleTemplate>
          <TemplateFileName>Out to AAD - Group Writeup Member Limit.xml</TemplateFileName>
          <TemplateCriteria>attributeSet doesntContain OfficeProPlusOnly</TemplateCriteria>
          <ConnectorIdentifierPrefix>b891884f-051e-4a83-95af-2544101c9083</ConnectorIdentifierPrefix>
          <Precedence>70</Precedence>
        </SynchronizationRuleTemplate>
        <SynchronizationRuleTemplate>
            <TemplateFileName>Out to AAD - Group Identity.xml</TemplateFileName>
            <TemplateCriteria>attributeSet contains Identity</TemplateCriteria>
            <ConnectorIdentifierPrefix>b891884f-051e-4a83-95af-2544101c9083</ConnectorIdentifierPrefix>
            <Precedence>71</Precedence>
        </SynchronizationRuleTemplate>
        <SynchronizationRuleTemplate>
            <TemplateFileName>Out to AAD - Group ExchangeOnline.xml</TemplateFileName>
            <TemplateCriteria>attributeSet contains ExchangeOnline</TemplateCriteria>
            <ConnectorIdentifierPrefix>b891884f-051e-4a83-95af-2544101c9083</ConnectorIdentifierPrefix>
            <Precedence>72</Precedence>
        </SynchronizationRuleTemplate>
        <SynchronizationRuleTemplate>
            <TemplateFileName>Out to AAD - Group DynamicsCRM.xml</TemplateFileName>
            <TemplateCriteria>attributeSet contains DynamicsCRM</TemplateCriteria>
            <ConnectorIdentifierPrefix>b891884f-051e-4a83-95af-2544101c9083</ConnectorIdentifierPrefix>
            <Precedence>73</Precedence>
        </SynchronizationRuleTemplate>
        <SynchronizationRuleTemplate>
            <TemplateFileName>Out to AAD - Group Intune.xml</TemplateFileName>
            <TemplateCriteria>attributeSet contains Intune</TemplateCriteria>
            <ConnectorIdentifierPrefix>b891884f-051e-4a83-95af-2544101c9083</ConnectorIdentifierPrefix>
            <Precedence>74</Precedence>
        </SynchronizationRuleTemplate>
        <SynchronizationRuleTemplate>
            <TemplateFileName>Out to AAD - Group LyncOnline.xml</TemplateFileName>
            <TemplateCriteria>attributeSet contains LyncOnline</TemplateCriteria>
            <ConnectorIdentifierPrefix>b891884f-051e-4a83-95af-2544101c9083</ConnectorIdentifierPrefix>
            <Precedence>75</Precedence>
        </SynchronizationRuleTemplate>
        <SynchronizationRuleTemplate>
            <TemplateFileName>Out to AAD - Group SharePointOnline.xml</TemplateFileName>
            <TemplateCriteria>attributeSet contains SharePointOnline</TemplateCriteria>
            <ConnectorIdentifierPrefix>b891884f-051e-4a83-95af-2544101c9083</ConnectorIdentifierPrefix>
            <Precedence>76</Precedence>
        </SynchronizationRuleTemplate>
        <SynchronizationRuleTemplate>
            <TemplateFileName>Out to AAD - Group AzureRMS.xml</TemplateFileName>
            <TemplateCriteria>attributeSet contains AzureRMS</TemplateCriteria>
            <ConnectorIdentifierPrefix>b891884f-051e-4a83-95af-2544101c9083</ConnectorIdentifierPrefix>
            <Precedence>77</Precedence>
        </SynchronizationRuleTemplate>
        <SynchronizationRuleTemplate>
            <TemplateFileName>Out to AAD - User OfficeProPlus.xml</TemplateFileName>
            <TemplateCriteria>attributeSet contains OfficeProPlus</TemplateCriteria>
            <ConnectorIdentifierPrefix>b891884f-051e-4a83-95af-2544101c9083</ConnectorIdentifierPrefix>
            <Precedence>78</Precedence>
        </SynchronizationRuleTemplate>
        <SynchronizationRuleTemplate>
            <TemplateFileName>Out to AAD - Device Join SOAInAD.xml</TemplateFileName>
            <TemplateCriteria>alwaysenabled</TemplateCriteria>
            <ConnectorIdentifierPrefix>b891884f-051e-4a83-95af-2544101c9083</ConnectorIdentifierPrefix>
            <Precedence>204</Precedence>
        </SynchronizationRuleTemplate>
        <SynchronizationRuleTemplate>
            <TemplateFileName>Out to AAD - User Join SOAInAAD.xml</TemplateFileName>
            <TemplateCriteria>attributeSet contains UserWriteBack</TemplateCriteria>
            <ConnectorIdentifierPrefix>b891884f-051e-4a83-95af-2544101c9083</ConnectorIdentifierPrefix>
            <Precedence>254</Precedence>
        </SynchronizationRuleTemplate>
        <SynchronizationRuleTemplate>
            <TemplateFileName>Out to AAD - ExchangeMailPublicFolder Join.xml</TemplateFileName>
            <TemplateCriteria>attributeSet contains ExchangeMailPublicFolder</TemplateCriteria>
            <ConnectorIdentifierPrefix>b891884f-051e-4a83-95af-2544101c9083</ConnectorIdentifierPrefix>
            <Precedence>407</Precedence>
        </SynchronizationRuleTemplate>

        <!-- Outbound Active Directory Templates -->
        <SynchronizationRuleTemplate>
            <TemplateFileName>Out to AD - Device Join SOAInAAD.xml</TemplateFileName>
            <TemplateCriteria>attributeschema contains msDS-DeviceID + attributeSet contains DeviceWriteBack</TemplateCriteria>
            <ConnectorType>AD</ConnectorType>
            <Precedence>205</Precedence>
        </SynchronizationRuleTemplate>
        <SynchronizationRuleTemplate>
            <TemplateFileName>Out to AD - User NGCKey.xml</TemplateFileName>
            <TemplateCriteria>attributeschema contains msDS-KeyCredentialLink</TemplateCriteria>
            <ConnectorType>AD</ConnectorType>
            <Precedence>230</Precedence>
        </SynchronizationRuleTemplate>
        <SynchronizationRuleTemplate>
            <TemplateFileName>Out to AD - Device STKKey.xml</TemplateFileName>
            <TemplateCriteria>attributeschema contains msDS-KeyCredentialLink + objectschema contains device</TemplateCriteria>
            <ConnectorType>AD</ConnectorType>
            <Precedence>231</Precedence>
        </SynchronizationRuleTemplate>
        <SynchronizationRuleTemplate>
          <TemplateFileName>Out to AD - User ImmutableId.xml</TemplateFileName>
          <TemplateCriteria>attributeSet contains ImmutableId</TemplateCriteria>
          <ConnectorType>AD</ConnectorType>
          <Precedence>232</Precedence>
          <CustomUserAnchorAttribute>MS_PERSON_ANCHOR</CustomUserAnchorAttribute>
        </SynchronizationRuleTemplate>
        <SynchronizationRuleTemplate>
            <TemplateFileName>Out to AD - User Join SOAInAAD.xml</TemplateFileName>
            <TemplateCriteria>attributeSet contains UserWriteBack</TemplateCriteria>
            <ConnectorType>AD</ConnectorType>
            <Precedence>252</Precedence>
        </SynchronizationRuleTemplate>
        <SynchronizationRuleTemplate>
          <TemplateFileName>Out to AD - Group SOAInAAD DN.xml</TemplateFileName>
          <TemplateCriteria>attributeSet contains GroupWriteBack + attributeSet contains GroupWriteBackDN</TemplateCriteria>
          <ConnectorType>AD</ConnectorType>
          <Precedence>310</Precedence>
        </SynchronizationRuleTemplate>
        <SynchronizationRuleTemplate>
          <TemplateFileName>Out to AD - Group Writeback Member Limit.xml</TemplateFileName>
          <TemplateCriteria>attributeschema contains mailNickname + attributeSet contains GroupWriteBack</TemplateCriteria>
          <ConnectorType>AD</ConnectorType>
          <Precedence>315</Precedence>
        </SynchronizationRuleTemplate>
        <SynchronizationRuleTemplate>
          <TemplateFileName>Out to AD - Group SOAInAAD Exchange.xml</TemplateFileName>
          <TemplateCriteria>attributeschema contains mailNickname + attributeSet contains GroupWriteBack</TemplateCriteria>
          <ConnectorType>AD</ConnectorType>
          <Precedence>320</Precedence>
        </SynchronizationRuleTemplate>
        <SynchronizationRuleTemplate>
          <TemplateFileName>Out to AD - Group SOAInAAD.xml</TemplateFileName>
          <TemplateCriteria>attributeSet contains GroupWriteBack</TemplateCriteria>
          <ConnectorType>AD</ConnectorType>
          <Precedence>325</Precedence>
        </SynchronizationRuleTemplate>

        <!-- Hybrid Exchange - Inbound Azure Active Directory Templates -->

        <SynchronizationRuleTemplate>
            <TemplateFileName>In from AAD - Contact Exchange Hybrid.xml</TemplateFileName>
            <TemplateCriteria>attributeSet contains ExchangeHybrid</TemplateCriteria>
            <ConnectorIdentifierPrefix>b891884f-051e-4a83-95af-2544101c9083</ConnectorIdentifierPrefix>
            <Precedence>80</Precedence>
        </SynchronizationRuleTemplate>
        <SynchronizationRuleTemplate>
            <TemplateFileName>In from AAD - Group Exchange Hybrid.xml</TemplateFileName>
            <TemplateCriteria>attributeSet contains ExchangeHybrid</TemplateCriteria>
            <ConnectorIdentifierPrefix>b891884f-051e-4a83-95af-2544101c9083</ConnectorIdentifierPrefix>
            <Precedence>81</Precedence>
        </SynchronizationRuleTemplate>
        <SynchronizationRuleTemplate>
            <TemplateFileName>In from AAD - User Exchange Hybrid.xml</TemplateFileName>
            <TemplateCriteria>attributeSet contains ExchangeHybrid</TemplateCriteria>
            <ConnectorIdentifierPrefix>b891884f-051e-4a83-95af-2544101c9083</ConnectorIdentifierPrefix>
            <Precedence>82</Precedence>
        </SynchronizationRuleTemplate>


        <!-- Hybrid Exchange - Outbound Active Directory Domain Services Templates -->

        <SynchronizationRuleTemplate>
            <TemplateFileName>Out to AD - Contact Join.xml</TemplateFileName>
            <TemplateCriteria>attributeschema contains mailNickname + attributeSet contains ExchangeHybrid</TemplateCriteria>
            <ConnectorType>AD</ConnectorType>
            <Precedence>90</Precedence>
        </SynchronizationRuleTemplate>
        <SynchronizationRuleTemplate>
            <TemplateFileName>Out to AD - Group Join.xml</TemplateFileName>
            <TemplateCriteria>attributeschema contains mailNickname + attributeSet contains ExchangeHybrid</TemplateCriteria>
            <ApplyCustomGroupJoinCriteria>true</ApplyCustomGroupJoinCriteria>          
            <ConnectorType>AD</ConnectorType>
            <Precedence>91</Precedence>
        </SynchronizationRuleTemplate>
        <SynchronizationRuleTemplate>
            <TemplateFileName>Out to AD - InetOrgPerson Join.xml</TemplateFileName>
            <TemplateCriteria>attributeschema contains mailNickname + attributeSet contains ExchangeHybrid</TemplateCriteria>
            <ApplyCustomUserJoinCriteria>true</ApplyCustomUserJoinCriteria>
            <ConnectorType>AD</ConnectorType>
            <Precedence>92</Precedence>
        </SynchronizationRuleTemplate>
        <SynchronizationRuleTemplate>
            <TemplateFileName>Out to AD - User Join SOAInAD.xml</TemplateFileName>
            <TemplateCriteria>alwaysEnabled</TemplateCriteria>
            <ApplyCustomUserJoinCriteria>true</ApplyCustomUserJoinCriteria>
            <ConnectorType>AD</ConnectorType>
            <Precedence>93</Precedence>
        </SynchronizationRuleTemplate>
        <SynchronizationRuleTemplate>
            <TemplateFileName>Out to AD - Contact Exchange Hybrid.xml</TemplateFileName>
            <TemplateCriteria>attributeschema contains mailNickname + attributeSet contains ExchangeHybrid</TemplateCriteria>
            <ConnectorType>AD</ConnectorType>
            <Precedence>94</Precedence>
        </SynchronizationRuleTemplate>
        <SynchronizationRuleTemplate>
            <TemplateFileName>Out to AD - Group Exchange Hybrid.xml</TemplateFileName>
            <TemplateCriteria>attributeschema contains mailNickname + attributeSet contains ExchangeHybrid</TemplateCriteria>
            <ConnectorType>AD</ConnectorType>
            <Precedence>95</Precedence>
        </SynchronizationRuleTemplate>
        <SynchronizationRuleTemplate>
            <TemplateFileName>Out to AD - InetOrgperson Exchange Hybrid.xml</TemplateFileName>
            <TemplateCriteria>attributeschema contains mailNickname + attributeSet contains ExchangeHybrid</TemplateCriteria>
            <ConnectorType>AD</ConnectorType>
            <Precedence>96</Precedence>
        </SynchronizationRuleTemplate>
        <SynchronizationRuleTemplate>
            <TemplateFileName>Out to AD - User Exchange Hybrid.xml</TemplateFileName>
            <TemplateCriteria>attributeschema contains mailNickname + attributeSet contains ExchangeHybrid</TemplateCriteria>
            <ConnectorType>AD</ConnectorType>
            <Precedence>97</Precedence>
        </SynchronizationRuleTemplate>
        <SynchronizationRuleTemplate>
            <TemplateFileName>Out to AD - User Exchange Hybrid publicDelegates writeback.xml</TemplateFileName>
            <TemplateCriteria>attributeschema contains mailNickname + attributeSet contains ExchangeHybrid</TemplateCriteria>
            <ConnectorType>AD</ConnectorType>
            <Precedence>98</Precedence>
        </SynchronizationRuleTemplate>


        <!-- Directory Extension - Inbound Active Directory Templates -->

        <SynchronizationRuleTemplate>
            <TemplateFileName>In from AD - User DirectoryExtension.xml</TemplateFileName>
            <TemplateCriteria>attributeSet contains DirectoryExtension</TemplateCriteria>
            <ConnectorType>AD</ConnectorType>
            <ApplyDirectoryExtensionAttributes>true</ApplyDirectoryExtensionAttributes>
            <Precedence>99</Precedence>
        </SynchronizationRuleTemplate>

        <SynchronizationRuleTemplate>
            <TemplateFileName>In from AD - InetOrgperson DirectoryExtension.xml</TemplateFileName>
            <TemplateCriteria>attributeSet contains DirectoryExtension</TemplateCriteria>
            <ConnectorType>AD</ConnectorType>
            <ApplyDirectoryExtensionAttributes>true</ApplyDirectoryExtensionAttributes>
            <Precedence>100</Precedence>
        </SynchronizationRuleTemplate>

        <SynchronizationRuleTemplate>
            <TemplateFileName>In from AD - Group DirectoryExtension.xml</TemplateFileName>
            <TemplateCriteria>attributeSet contains DirectoryExtension</TemplateCriteria>
            <ConnectorType>AD</ConnectorType>
            <ApplyDirectoryExtensionAttributes>true</ApplyDirectoryExtensionAttributes>
            <Precedence>101</Precedence>
        </SynchronizationRuleTemplate>

        <!-- Directory Extension - Outbound Azure Active Directory Templates -->

        <SynchronizationRuleTemplate>
            <TemplateFileName>Out to AAD - User DirectoryExtension.xml</TemplateFileName>
            <TemplateCriteria>attributeSet contains DirectoryExtension</TemplateCriteria>
            <ConnectorIdentifierPrefix>b891884f-051e-4a83-95af-2544101c9083</ConnectorIdentifierPrefix>
            <ApplyDirectoryExtensionAttributes>true</ApplyDirectoryExtensionAttributes>
            <Precedence>102</Precedence>
        </SynchronizationRuleTemplate>

        <SynchronizationRuleTemplate>
            <TemplateFileName>Out to AAD - Group DirectoryExtension.xml</TemplateFileName>
            <TemplateCriteria>attributeSet contains DirectoryExtension</TemplateCriteria>
            <ConnectorIdentifierPrefix>b891884f-051e-4a83-95af-2544101c9083</ConnectorIdentifierPrefix>
            <ApplyDirectoryExtensionAttributes>true</ApplyDirectoryExtensionAttributes>
            <Precedence>103</Precedence>
        </SynchronizationRuleTemplate>

    </Templates>

    <!-- Azure Service to AttributeSet mapping for Optional Services (ordered per Marketing team) -->
    <!--
    <AzureServiceMapping>
      <AzureServiceName>Office Pro Plus</AzureServiceName>  UI visible display name (might change over time)
      <AzureServiceTag>OfficeProPlus</AzureServiceTag>      Persisted setting name (never change this!)
      <AttributeSet>OfficeProPlus</AttributeSet>            Corresponding attribute flow rule
    </AzureServiceMapping>
  -->
    <AzureServiceMap>
        <AzureServiceMapping>
            <AzureServiceName>Office 365 ProPlus</AzureServiceName>
            <AzureServiceTag>OfficeProPlus</AzureServiceTag>
            <AttributeSet>OfficeProPlus</AttributeSet>
        </AzureServiceMapping>
        <AzureServiceMapping>
            <AzureServiceName>Exchange Online</AzureServiceName>
            <AzureServiceTag>ExchangeOnline</AzureServiceTag>
            <AttributeSet>ExchangeOnline</AttributeSet>
        </AzureServiceMapping>
        <AzureServiceMapping>
            <AzureServiceName>SharePoint Online</AzureServiceName>
            <AzureServiceTag>SharePointOnline</AzureServiceTag>
            <AttributeSet>SharePointOnline</AttributeSet>
        </AzureServiceMapping>
        <AzureServiceMapping>
            <AzureServiceName>Lync Online</AzureServiceName>
            <AzureServiceTag>LyncOnline</AzureServiceTag>
            <AttributeSet>LyncOnline</AttributeSet>
        </AzureServiceMapping>
        <AzureServiceMapping>
            <AzureServiceName>Azure RMS</AzureServiceName>
            <AzureServiceTag>AzureRMS</AzureServiceTag>
            <AttributeSet>AzureRMS</AttributeSet>
        </AzureServiceMapping>
        <AzureServiceMapping>
            <AzureServiceName>Intune</AzureServiceName>
            <AzureServiceTag>Intune</AzureServiceTag>
            <AttributeSet>Intune</AttributeSet>
        </AzureServiceMapping>
        <AzureServiceMapping>
            <AzureServiceName>Dynamics CRM</AzureServiceName>
            <AzureServiceTag>DynamicsCRM</AzureServiceTag>
            <AttributeSet>DynamicsCRM</AttributeSet>
        </AzureServiceMapping>

        <!-- The service name for this entry (3rd party application) requires localization and will be substituted at run time -->
        <AzureServiceMapping>
            <AzureServiceName />
            <AzureServiceTag>Identity</AzureServiceTag>
            <AttributeSet>Identity</AttributeSet>
        </AzureServiceMapping>
    </AzureServiceMap>

    <!-- List of attributes (case sensitive) that should NOT be displayed as candidates for blacklisting -->
    <!-- NOTE: This list is higher precedence that the ProtectedAttributes list below.                   -->
    <HiddenAttributes>
        <string>cloudAnchor</string>
        <string>cloudSourceAnchor</string>
        <string>sourceObjectType</string>
    </HiddenAttributes>

    <!-- List of attributes (case sensitive) that SHOULD be displayed but are NOT candidates for blacklisting -->
    <ProtectedAttributes>
        <string>accountEnabled</string>
        <string>sourceAnchor</string>
        <string>sourceAnchorBinary</string>
        <string>userPrincipalName</string>
    </ProtectedAttributes>

  <!-- List of additional object class inclusions that cannot be inferred from the sync rule templates. -->
  <ObjectClassInclusions>
    <ObjectClassInclusion>
      <TemplateCriteria>attributeSet contains DeviceWriteBack</TemplateCriteria>
      <ConnectorType>AD</ConnectorType>
      <ObjectClasses>
        <string>msDS-DeviceContainer</string>
      </ObjectClasses>
    </ObjectClassInclusion>
  </ObjectClassInclusions>
  <ObjectClassInclusions>
    <ObjectClassInclusion>
      <TemplateCriteria>alwaysenabled</TemplateCriteria>
      <ConnectorType>AD</ConnectorType>
      <ObjectClasses>
        <string>container</string>
      </ObjectClasses>
    </ObjectClassInclusion>
  </ObjectClassInclusions>
  <ObjectClassInclusions>
    <ObjectClassInclusion>
      <TemplateCriteria>alwaysenabled</TemplateCriteria>
      <ConnectorType>AD</ConnectorType>
      <ObjectClasses>
        <string>domainDNS</string>
      </ObjectClasses>
    </ObjectClassInclusion>
  </ObjectClassInclusions>
  <ObjectClassInclusions>
    <ObjectClassInclusion>
      <TemplateCriteria>alwaysenabled</TemplateCriteria>
      <ConnectorType>AD</ConnectorType>
      <ObjectClasses>
        <string>organizationalUnit</string>
      </ObjectClasses>
    </ObjectClassInclusion>
  </ObjectClassInclusions>
</SynchronizationRuleTemplateConfig>
