"Path","State","GpoName","Domain","OUDN","OUName","OUCanonical","Index","TotalCount"
"cn={5712cdec-8eec-4611-a741-90381a75bbcd},cn=policies,cn=system,{DomainDN}","0","Delta Domain Controller Policy","{DomainFQDN}","OU=Domain Controllers,{DomainDN}","Domain Controllers","{DomainFQDN}/Domain Controllers","1","2"
"cn={eb29ec05-b1c1-42bc-948c-1fac0c27974b},cn=policies,cn=system,{DomainDN}","0","C-Azure Virtual Desktop - FSLogix Settings","{DomainFQDN}","OU=AVD,OU=SERVERS,OU=RESOURCES,{DomainDN}","AVD","{DomainFQDN}/RESOURCES/SERVERS/AVD","0","3"
"cn={c5ef7520-9062-43fe-b01c-988601afee4f},cn=policies,cn=system,{DomainDN}","0","LR-Azure Virtual Desktop - Host Settings","{DomainFQDN}","OU=AVD,OU=SERVERS,OU=RESOURCES,{DomainDN}","AVD","{DomainFQDN}/RESOURCES/SERVERS/AVD","1","3"
"cn={d04a5d7e-b9db-47a6-9766-c6f6fef52d0f},cn=policies,cn=system,{DomainDN}","0","U-Azure Virtual Desktop - Office365 Settings","{DomainFQDN}","OU=AVD,OU=SERVERS,OU=RESOURCES,{DomainDN}","AVD","{DomainFQDN}/RESOURCES/SERVERS/AVD","2","3"
"cn={279f1d8d-0e74-4b22-8c46-ca6c23126c02},cn=policies,cn=system,{DomainDN}","0","C-Storage Account Password Settings","{DomainFQDN}","OU=STORAGEACCOUNTS,OU=SERVICEACCOUNTS,OU=ACCOUNTS,OU=RESOURCES,{DomainDN}","STORAGEACCOUNTS","{DomainFQDN}/RESOURCES/ACCOUNTS/SERVICEACCOUNTS/STORAGEACCOUNTS","0","1"
