<BackupInst xmlns="http://www.microsoft.com/GroupPolicy/GPOOperations/Manifest"><GPOGuid><![CDATA[{DE746558-DC70-4817-B87E-3C513693D50A}]]></GPOGuid><GPODomain><![CDATA[frs02001.localdns.nl]]></GPODomain><GPODomainGuid><![CDATA[{24bd9856-374d-46dc-be87-71adc043eda9}]]></GPODomainGuid><GPODomainController><![CDATA[s02001a01a0a001.frs02001.localdns.nl]]></GPODomainController><BackupTime><![CDATA[2024-04-18T09:10:47]]></BackupTime><ID><![CDATA[{1CC768C6-7F2C-4635-B34D-7B8F4DAC2C30}]]></ID><Comment><![CDATA[]]></Comment><GPODisplayName><![CDATA[02001a09-C-P-B64A5ChildComputerV1.1]]></GPODisplayName></BackupInst>
