<Backups xmlns="http://www.microsoft.com/GroupPolicy/GPOOperations/Manifest" xmlns:mfst="http://www.microsoft.com/GroupPolicy/GPOOperations/Manifest" mfst:version="1.0"><BackupInst><GPOGuid><![CDATA[{9F2FE3CD-7E43-4388-8A93-D3BEB83B96F0}]]></GPOGuid><GPODomain><![CDATA[frs02001.localdns.nl]]></GPODomain><GPODomainGuid><![CDATA[{24bd9856-374d-46dc-be87-71adc043eda9}]]></GPODomainGuid><GPODomainController><![CDATA[s02001a01a0a001.frs02001.localdns.nl]]></GPODomainController><BackupTime><![CDATA[2024-04-18T09:15:31]]></BackupTime><ID><![CDATA[{4D787964-1585-469B-9F49-34B3FD440260}]]></ID><Comment><![CDATA[]]></Comment><GPODisplayName><![CDATA[02001a00-c-p-A01ParentComputerv1.0]]></GPODisplayName></BackupInst><BackupInst><GPOGuid><![CDATA[{6AC1786C-016F-11D2-945F-00C04fB984F9}]]></GPOGuid><GPODomain><![CDATA[frs02001.localdns.nl]]></GPODomain><GPODomainGuid><![CDATA[{24bd9856-374d-46dc-be87-71adc043eda9}]]></GPODomainGuid><GPODomainController><![CDATA[s02001a01a0a001.frs02001.localdns.nl]]></GPODomainController><BackupTime><![CDATA[2024-04-18T09:14:52]]></BackupTime><ID><![CDATA[{55C5A7D1-B32A-440B-992A-1D1C54378475}]]></ID><Comment><![CDATA[]]></Comment><GPODisplayName><![CDATA[Default Domain Controllers Policy]]></GPODisplayName></BackupInst><BackupInst><GPOGuid><![CDATA[{31B2F340-016D-11D2-945F-00C04FB984F9}]]></GPOGuid><GPODomain><![CDATA[frs02001.localdns.nl]]></GPODomain><GPODomainGuid><![CDATA[{24bd9856-374d-46dc-be87-71adc043eda9}]]></GPODomainGuid><GPODomainController><![CDATA[s02001a01a0a001.frs02001.localdns.nl]]></GPODomainController><BackupTime><![CDATA[2024-04-18T09:14:10]]></BackupTime><ID><![CDATA[{938E12C7-F59D-4F5D-BCBD-4CE97E936C52}]]></ID><Comment><![CDATA[]]></Comment><GPODisplayName><![CDATA[Default Domain Policy]]></GPODisplayName></BackupInst><BackupInst><GPOGuid><![CDATA[{431B57CD-EC71-452D-ACD9-695967258929}]]></GPOGuid><GPODomain><![CDATA[frs02001.localdns.nl]]></GPODomain><GPODomainGuid><![CDATA[{24bd9856-374d-46dc-be87-71adc043eda9}]]></GPODomainGuid><GPODomainController><![CDATA[s02001a01a0a001.frs02001.localdns.nl]]></GPODomainController><BackupTime><![CDATA[2024-04-18T09:12:09]]></BackupTime><ID><![CDATA[{1DD1BED9-BB9E-4AE6-8AD0-E5FB0A64D49E}]]></ID><Comment><![CDATA[]]></Comment><GPODisplayName><![CDATA[02001a09-B-P-W2022ParentUserV1.0]]></GPODisplayName></BackupInst><BackupInst><GPOGuid><![CDATA[{94417E56-5B00-449C-BBC4-38028AC65095}]]></GPOGuid><GPODomain><![CDATA[frs02001.localdns.nl]]></GPODomain><GPODomainGuid><![CDATA[{24bd9856-374d-46dc-be87-71adc043eda9}]]></GPODomainGuid><GPODomainController><![CDATA[s02001a01a0a001.frs02001.localdns.nl]]></GPODomainController><BackupTime><![CDATA[2024-04-18T09:11:56]]></BackupTime><ID><![CDATA[{8E648B5F-1D1C-4EB4-ABF1-2A4253635B01}]]></ID><Comment><![CDATA[]]></Comment><GPODisplayName><![CDATA[02001a09-B-P-W2022SecurityBaselineUserV1.1]]></GPODisplayName></BackupInst><BackupInst><GPOGuid><![CDATA[{DE746558-DC70-4817-B87E-3C513693D50A}]]></GPOGuid><GPODomain><![CDATA[frs02001.localdns.nl]]></GPODomain><GPODomainGuid><![CDATA[{24bd9856-374d-46dc-be87-71adc043eda9}]]></GPODomainGuid><GPODomainController><![CDATA[s02001a01a0a001.frs02001.localdns.nl]]></GPODomainController><BackupTime><![CDATA[2024-04-18T09:10:47]]></BackupTime><ID><![CDATA[{1CC768C6-7F2C-4635-B34D-7B8F4DAC2C30}]]></ID><Comment><![CDATA[]]></Comment><GPODisplayName><![CDATA[02001a09-C-P-B64A5ChildComputerV1.1]]></GPODisplayName></BackupInst><BackupInst><GPOGuid><![CDATA[{2CB7CEBE-24FE-4FC6-A3A0-E6BFE80F5F14}]]></GPOGuid><GPODomain><![CDATA[frs02001.localdns.nl]]></GPODomain><GPODomainGuid><![CDATA[{24bd9856-374d-46dc-be87-71adc043eda9}]]></GPODomainGuid><GPODomainController><![CDATA[s02001a01a0a001.frs02001.localdns.nl]]></GPODomainController><BackupTime><![CDATA[2024-04-18T09:10:32]]></BackupTime><ID><![CDATA[{D7D71561-0588-4973-9B32-FDAB362F084B}]]></ID><Comment><![CDATA[]]></Comment><GPODisplayName><![CDATA[02001a09-C-P-PKI-ComputerV1.1]]></GPODisplayName></BackupInst><BackupInst><GPOGuid><![CDATA[{A9B35713-BFA7-420F-8E19-44ECB0215C74}]]></GPOGuid><GPODomain><![CDATA[frs02001.localdns.nl]]></GPODomain><GPODomainGuid><![CDATA[{24bd9856-374d-46dc-be87-71adc043eda9}]]></GPODomainGuid><GPODomainController><![CDATA[s02001a01a0a001.frs02001.localdns.nl]]></GPODomainController><BackupTime><![CDATA[2024-04-18T09:10:08]]></BackupTime><ID><![CDATA[{5B527CE3-90DF-4713-8B1E-A80DC6139E40}]]></ID><Comment><![CDATA[]]></Comment><GPODisplayName><![CDATA[02001a09-C-P-W2022ParentComputerV1.4]]></GPODisplayName></BackupInst><BackupInst><GPOGuid><![CDATA[{21D1A361-8791-4484-A023-BA3E8A9ED0B6}]]></GPOGuid><GPODomain><![CDATA[frs02001.localdns.nl]]></GPODomain><GPODomainGuid><![CDATA[{24bd9856-374d-46dc-be87-71adc043eda9}]]></GPODomainGuid><GPODomainController><![CDATA[s02001a01a0a001.frs02001.localdns.nl]]></GPODomainController><BackupTime><![CDATA[2024-04-18T09:09:55]]></BackupTime><ID><![CDATA[{6865E76B-2E53-4C28-BC20-A99E760A7555}]]></ID><Comment><![CDATA[]]></Comment><GPODisplayName><![CDATA[02001a09-C-P-W2022SecurityBaselineComputerV1.2]]></GPODisplayName></BackupInst><BackupInst><GPOGuid><![CDATA[{43709A3C-23CA-44E5-A361-7405914A86A3}]]></GPOGuid><GPODomain><![CDATA[frs02001.localdns.nl]]></GPODomain><GPODomainGuid><![CDATA[{24bd9856-374d-46dc-be87-71adc043eda9}]]></GPODomainGuid><GPODomainController><![CDATA[s02001a01a0a001.frs02001.localdns.nl]]></GPODomainController><BackupTime><![CDATA[2024-04-18T09:08:46]]></BackupTime><ID><![CDATA[{54018A93-DDB1-4A00-ACD2-5EBAE1B105AF}]]></ID><Comment><![CDATA[]]></Comment><GPODisplayName><![CDATA[02001a09-C-P-W2022SecurityDeltaComputerV1.4]]></GPODisplayName></BackupInst></Backups>