<?xml version="1.0" encoding="utf-8"?><!-- Copyright (c) Microsoft Corporation.  All rights reserved. --><GroupPolicyBackupScheme bkp:version="2.0" bkp:type="GroupPolicyBackupTemplate" xmlns:bkp="http://www.microsoft.com/GroupPolicy/GPOOperations" xmlns="http://www.microsoft.com/GroupPolicy/GPOOperations">
    <GroupPolicyObject><SecurityGroups><Group><Sid/><SamAccountName><![CDATA[Administrators]]></SamAccountName><Type><![CDATA[Unknown]]></Type><NetBIOSDomainName/><DnsDomainName/><UPN/></Group><Group><Sid/><SamAccountName><![CDATA[FSLogix ODFC Exclude List]]></SamAccountName><Type><![CDATA[Unknown]]></Type><NetBIOSDomainName/><DnsDomainName/><UPN/></Group><Group><Sid/><SamAccountName><![CDATA[FSLogix Profile Exclude List]]></SamAccountName><Type><![CDATA[Unknown]]></Type><NetBIOSDomainName/><DnsDomainName/><UPN/></Group><Group bkp:Source="FromDACL"><Sid><![CDATA[{DomainSID}-519]]></Sid><SamAccountName><![CDATA[Enterprise Admins]]></SamAccountName><Type><![CDATA[UniversalGroup]]></Type><NetBIOSDomainName><![CDATA[{DomainNetBIOS}]]></NetBIOSDomainName><DnsDomainName><![CDATA[{DomainFQDN}]]></DnsDomainName><UPN><![CDATA[Enterprise Admins@{DomainFQDN}]]></UPN></Group><Group><Sid><![CDATA[{DomainSID}-512]]></Sid><SamAccountName><![CDATA[Domain Admins]]></SamAccountName><Type><![CDATA[GlobalGroup]]></Type><NetBIOSDomainName><![CDATA[{DomainNetBIOS}]]></NetBIOSDomainName><DnsDomainName><![CDATA[{DomainFQDN}]]></DnsDomainName><UPN><![CDATA[Domain Admins@{DomainFQDN}]]></UPN></Group><Group><Sid><![CDATA[{DomainSID}-{SGAVDLocalAdminsRID}]]></Sid><SamAccountName><![CDATA[{SGAVDLocalAdmins}]]></SamAccountName><Type><![CDATA[GlobalGroup]]></Type><NetBIOSDomainName><![CDATA[{DomainNetBIOS}]]></NetBIOSDomainName><DnsDomainName><![CDATA[{DomainFQDN}]]></DnsDomainName><UPN><![CDATA[{SGAVDLocalAdmins}@{DomainFQDN}]]></UPN></Group></SecurityGroups><FilePaths/><GroupPolicyCoreSettings><ID><![CDATA[{9925018A-EF64-4192-A63D-C2D3F36B70F7}]]></ID><Domain><![CDATA[{DomainFQDN}]]></Domain><SecurityDescriptor>01 00 04 9c 00 00 00 00 00 00 00 00 00 00 00 00 14 00 00 00 04 00 5c 01 0a 00 00 00 06 00 38 00 00 01 00 00 01 00 00 00 8f fd ac ed b3 ff d1 11 b4 1d 00 a0 c9 68 f9 39 01 05 00 00 00 00 00 05 15 00 00 00 75 f9 c5 38 ca f9 0e 53 12 74 b5 60 00 02 00 00 06 00 38 00 00 01 00 00 01 00 00 00 8f fd ac ed b3 ff d1 11 b4 1d 00 a0 c9 68 f9 39 01 05 00 00 00 00 00 05 15 00 00 00 75 f9 c5 38 ca f9 0e 53 12 74 b5 60 54 04 00 00 05 02 28 00 00 01 00 00 01 00 00 00 8f fd ac ed b3 ff d1 11 b4 1d 00 a0 c9 68 f9 39 01 01 00 00 00 00 00 05 0b 00 00 00 00 02 24 00 14 00 02 00 01 05 00 00 00 00 00 05 15 00 00 00 75 f9 c5 38 ca f9 0e 53 12 74 b5 60 54 04 00 00 00 02 24 00 ff 00 0f 00 01 05 00 00 00 00 00 05 15 00 00 00 75 f9 c5 38 ca f9 0e 53 12 74 b5 60 00 02 00 00 00 02 24 00 ff 00 0f 00 01 05 00 00 00 00 00 05 15 00 00 00 75 f9 c5 38 ca f9 0e 53 12 74 b5 60 07 02 00 00 00 02 14 00 94 00 02 00 01 01 00 00 00 00 00 05 09 00 00 00 00 02 14 00 94 00 02 00 01 01 00 00 00 00 00 05 0b 00 00 00 00 02 14 00 ff 00 0f 00 01 01 00 00 00 00 00 05 12 00 00 00 00 0a 14 00 ff 00 0f 00 01 01 00 00 00 00 00 03 00 00 00 00</SecurityDescriptor><DisplayName><![CDATA[LR-Azure Virtual Desktop - Host Settings]]></DisplayName><Options><![CDATA[0]]></Options><UserVersionNumber><![CDATA[65537]]></UserVersionNumber><MachineVersionNumber><![CDATA[65537]]></MachineVersionNumber><MachineExtensionGuids><![CDATA[[{00000000-0000-0000-0000-000000000000}{BEE07A6A-EC9F-4659-B8C9-0B1937907C83}][{35378EAC-683F-11D2-A89A-00C04FBBCFA2}{D02B1F72-3407-48AE-BA88-E8213C6761F1}][{827D319E-6EAC-11D2-A4EA-00C04F79F83A}{803E14A0-B4FB-11D0-A0D0-00A0C90F574B}][{B087BE9D-ED37-454F-AF9C-04291E351182}{BEE07A6A-EC9F-4659-B8C9-0B1937907C83}]]]></MachineExtensionGuids><UserExtensionGuids><![CDATA[[{00000000-0000-0000-0000-000000000000}{B9CCA4DE-E2B9-4CBD-BF7D-11B6EBFBDDF7}][{35378EAC-683F-11D2-A89A-00C04FBBCFA2}{D02B1F73-3407-48AE-BA88-E8213C6761F1}][{E5094040-C46C-4115-B030-04FB2E545B00}{B9CCA4DE-E2B9-4CBD-BF7D-11B6EBFBDDF7}]]]></UserExtensionGuids><WMIFilter/></GroupPolicyCoreSettings> 
        <GroupPolicyExtension bkp:ID="{35378EAC-683F-11D2-A89A-00C04FBBCFA2}" bkp:DescName="Registry">
            <FSObjectFile bkp:Path="%GPO_MACH_FSPATH%\registry.pol" bkp:SourceExpandedPath="\\{DCName}.{DomainFQDN}\sysvol\{DomainFQDN}\Policies\{9925018A-EF64-4192-A63D-C2D3F36B70F7}\Machine\registry.pol" bkp:Location="DomainSysvol\GPO\Machine\registry.pol"/>
            <FSObjectFile bkp:Path="%GPO_USER_FSPATH%\registry.pol" bkp:SourceExpandedPath="\\{DCName}.{DomainFQDN}\sysvol\{DomainFQDN}\Policies\{9925018A-EF64-4192-A63D-C2D3F36B70F7}\User\registry.pol" bkp:Location="DomainSysvol\GPO\User\registry.pol"/>
            <FSObjectFile bkp:Path="%GPO_FSPATH%\Adm\*.*" bkp:SourceExpandedPath="\\{DCName}.{DomainFQDN}\sysvol\{DomainFQDN}\Policies\{9925018A-EF64-4192-A63D-C2D3F36B70F7}\Adm\*.*"/>
        </GroupPolicyExtension>
        
        
        
        
        <GroupPolicyExtension bkp:ID="{827D319E-6EAC-11D2-A4EA-00C04F79F83A}" bkp:DescName="Security">
            <FSObjectFile bkp:Path="%GPO_MACH_FSPATH%\microsoft\windows nt\SecEdit\GptTmpl.inf" bkp:SourceExpandedPath="\\{DCName}.{DomainFQDN}\sysvol\{DomainFQDN}\Policies\{9925018A-EF64-4192-A63D-C2D3F36B70F7}\Machine\microsoft\windows nt\SecEdit\GptTmpl.inf" bkp:ReEvaluateFunction="SecurityValidateSettings" bkp:Location="DomainSysvol\GPO\Machine\microsoft\windows nt\SecEdit\GptTmpl.inf"/>
        </GroupPolicyExtension>
        
        
        
        
    <GroupPolicyExtension bkp:ID="{F15C46CD-82A0-4C2D-A210-5D0D3182A418}" bkp:DescName="Unknown Extension"><FSObjectFile bkp:Path="%GPO_MACH_FSPATH%\comment.cmtx" bkp:SourceExpandedPath="\\{DCName}.{DomainFQDN}\sysvol\{DomainFQDN}\Policies\{9925018A-EF64-4192-A63D-C2D3F36B70F7}\Machine\comment.cmtx" bkp:Location="DomainSysvol\GPO\Machine\comment.cmtx"/><FSObjectDir bkp:Path="%GPO_MACH_FSPATH%\microsoft" bkp:SourceExpandedPath="\\{DCName}.{DomainFQDN}\sysvol\{DomainFQDN}\Policies\{9925018A-EF64-4192-A63D-C2D3F36B70F7}\Machine\microsoft" bkp:Location="DomainSysvol\GPO\Machine\microsoft"/><FSObjectDir bkp:Path="%GPO_MACH_FSPATH%\microsoft\windows nt" bkp:SourceExpandedPath="\\{DCName}.{DomainFQDN}\sysvol\{DomainFQDN}\Policies\{9925018A-EF64-4192-A63D-C2D3F36B70F7}\Machine\microsoft\windows nt" bkp:Location="DomainSysvol\GPO\Machine\microsoft\windows nt"/><FSObjectDir bkp:Path="%GPO_MACH_FSPATH%\microsoft\windows nt\SecEdit" bkp:SourceExpandedPath="\\{DCName}.{DomainFQDN}\sysvol\{DomainFQDN}\Policies\{9925018A-EF64-4192-A63D-C2D3F36B70F7}\Machine\microsoft\windows nt\SecEdit" bkp:Location="DomainSysvol\GPO\Machine\microsoft\windows nt\SecEdit"/><FSObjectDir bkp:Path="%GPO_MACH_FSPATH%\Preferences" bkp:SourceExpandedPath="\\{DCName}.{DomainFQDN}\sysvol\{DomainFQDN}\Policies\{9925018A-EF64-4192-A63D-C2D3F36B70F7}\Machine\Preferences" bkp:Location="DomainSysvol\GPO\Machine\Preferences"/><FSObjectDir bkp:Path="%GPO_MACH_FSPATH%\Preferences\Registry" bkp:SourceExpandedPath="\\{DCName}.{DomainFQDN}\sysvol\{DomainFQDN}\Policies\{9925018A-EF64-4192-A63D-C2D3F36B70F7}\Machine\Preferences\Registry" bkp:Location="DomainSysvol\GPO\Machine\Preferences\Registry"/><FSObjectFile bkp:Path="%GPO_MACH_FSPATH%\Preferences\Registry\Registry.xml" bkp:SourceExpandedPath="\\{DCName}.{DomainFQDN}\sysvol\{DomainFQDN}\Policies\{9925018A-EF64-4192-A63D-C2D3F36B70F7}\Machine\Preferences\Registry\Registry.xml" bkp:Location="DomainSysvol\GPO\Machine\Preferences\Registry\Registry.xml"/><FSObjectDir bkp:Path="%GPO_MACH_FSPATH%\Scripts" bkp:SourceExpandedPath="\\{DCName}.{DomainFQDN}\sysvol\{DomainFQDN}\Policies\{9925018A-EF64-4192-A63D-C2D3F36B70F7}\Machine\Scripts" bkp:Location="DomainSysvol\GPO\Machine\Scripts"/><FSObjectDir bkp:Path="%GPO_MACH_FSPATH%\Scripts\Shutdown" bkp:SourceExpandedPath="\\{DCName}.{DomainFQDN}\sysvol\{DomainFQDN}\Policies\{9925018A-EF64-4192-A63D-C2D3F36B70F7}\Machine\Scripts\Shutdown" bkp:Location="DomainSysvol\GPO\Machine\Scripts\Shutdown"/><FSObjectDir bkp:Path="%GPO_MACH_FSPATH%\Scripts\Startup" bkp:SourceExpandedPath="\\{DCName}.{DomainFQDN}\sysvol\{DomainFQDN}\Policies\{9925018A-EF64-4192-A63D-C2D3F36B70F7}\Machine\Scripts\Startup" bkp:Location="DomainSysvol\GPO\Machine\Scripts\Startup"/><FSObjectFile bkp:Path="%GPO_USER_FSPATH%\comment.cmtx" bkp:SourceExpandedPath="\\{DCName}.{DomainFQDN}\sysvol\{DomainFQDN}\Policies\{9925018A-EF64-4192-A63D-C2D3F36B70F7}\User\comment.cmtx" bkp:Location="DomainSysvol\GPO\User\comment.cmtx"/><FSObjectDir bkp:Path="%GPO_USER_FSPATH%\Preferences" bkp:SourceExpandedPath="\\{DCName}.{DomainFQDN}\sysvol\{DomainFQDN}\Policies\{9925018A-EF64-4192-A63D-C2D3F36B70F7}\User\Preferences" bkp:Location="DomainSysvol\GPO\User\Preferences"/><FSObjectDir bkp:Path="%GPO_USER_FSPATH%\Preferences\RegionalOptions" bkp:SourceExpandedPath="\\{DCName}.{DomainFQDN}\sysvol\{DomainFQDN}\Policies\{9925018A-EF64-4192-A63D-C2D3F36B70F7}\User\Preferences\RegionalOptions" bkp:Location="DomainSysvol\GPO\User\Preferences\RegionalOptions"/><FSObjectFile bkp:Path="%GPO_USER_FSPATH%\Preferences\RegionalOptions\RegionalOptions.xml" bkp:SourceExpandedPath="\\{DCName}.{DomainFQDN}\sysvol\{DomainFQDN}\Policies\{9925018A-EF64-4192-A63D-C2D3F36B70F7}\User\Preferences\RegionalOptions\RegionalOptions.xml" bkp:Location="DomainSysvol\GPO\User\Preferences\RegionalOptions\RegionalOptions.xml"/></GroupPolicyExtension></GroupPolicyObject>
</GroupPolicyBackupScheme>
