<BackupInst xmlns="http://www.microsoft.com/GroupPolicy/GPOOperations/Manifest"><GPOGuid><![CDATA[{6AC1786C-016F-11D2-945F-00C04fB984F9}]]></GPOGuid><GPODomain><![CDATA[{DomainFQDN}]]></GPODomain><GPODomainGuid><![CDATA[{{DomainGUID}}]]></GPODomainGuid><GPODomainController><![CDATA[{DCName}.{DomainFQDN}]]></GPODomainController><BackupTime><![CDATA[2023-08-14T00:35:36]]></BackupTime><ID><![CDATA[{869CCC29-01C6-4189-A2CB-F50ECB1B3188}]]></ID><Comment><![CDATA[Scripted backup created by {DomainNetBIOS}\{DomainAdminUsername} on 8/14/2023]]></Comment><GPODisplayName><![CDATA[Default Domain Controllers Policy]]></GPODisplayName></BackupInst>
