﻿<?xml version="1.0" encoding="utf-8"?>
<Groups clsid="{3125E937-EB16-4b4c-9934-544FC6D24D26}">
  <Group clsid="{6D4A79E4-529C-4481-ABD0-F5BD7EA93BA7}" name="Administrators (built-in)" image="2" changed="2023-04-28 08:32:59" uid="{1DF5722F-159E-40FA-BD98-8B5D2BC0E97F}">
    <Properties action="U" newName="" description="" deleteAllUsers="0" deleteAllGroups="0" removeAccounts="0" groupSid="S-1-5-32-544" groupName="Administrators (built-in)">
      <Members>
        <Member name="FRS02001\grp02001a09-adm-l-B64A5WinSrvAdm" action="ADD" sid="" />
        <Member name="FRS02001\grp02001a09-sys-l-B64A5WinSrvAdm" action="ADD" sid="" />
      </Members>
    </Properties>
  </Group>
</Groups>