<BackupInst xmlns="http://www.microsoft.com/GroupPolicy/GPOOperations/Manifest"><GPOGuid><![CDATA[{431B57CD-EC71-452D-ACD9-695967258929}]]></GPOGuid><GPODomain><![CDATA[frs02001.localdns.nl]]></GPODomain><GPODomainGuid><![CDATA[{24bd9856-374d-46dc-be87-71adc043eda9}]]></GPODomainGuid><GPODomainController><![CDATA[s02001a01a0a001.frs02001.localdns.nl]]></GPODomainController><BackupTime><![CDATA[2024-04-18T09:12:09]]></BackupTime><ID><![CDATA[{1DD1BED9-BB9E-4AE6-8AD0-E5FB0A64D49E}]]></ID><Comment><![CDATA[]]></Comment><GPODisplayName><![CDATA[02001a09-B-P-W2022ParentUserV1.0]]></GPODisplayName></BackupInst>
