<Backups xmlns="http://www.microsoft.com/GroupPolicy/GPOOperations/Manifest" xmlns:mfst="http://www.microsoft.com/GroupPolicy/GPOOperations/Manifest" mfst:version="1.0"><BackupInst><GPOGuid><![CDATA[{279f1d8d-0e74-4b22-8c46-ca6c23126c02}]]></GPOGuid><GPODomain><![CDATA[{DomainFQDN}]]></GPODomain><GPODomainGuid><![CDATA[{{DomainGUID}}]]></GPODomainGuid><GPODomainController><![CDATA[{DCName}.{DomainFQDN}]]></GPODomainController><BackupTime><![CDATA[2023-08-13T22:12:57]]></BackupTime><ID><![CDATA[{3A99107A-AE95-4B57-9F18-EB438628C32C}]]></ID><Comment><![CDATA[]]></Comment><GPODisplayName><![CDATA[C-Storage Account Password Settings]]></GPODisplayName></BackupInst></Backups>
