<Objs Version="1.1.0.1" xmlns="http://schemas.microsoft.com/powershell/2004/04">
  <Obj RefId="0">
    <TN RefId="0">
      <T>System.Management.Automation.PSCustomObject</T>
      <T>System.Object</T>
    </TN>
    <MS>
      <G N="BackupGuid">b4660ff8-be85-4a53-a104-baed0a02b565</G>
      <S N="Name">Default Domain Policy</S>
      <S N="GpoGuid">31b2f340-016d-11d2-945f-00c04fb984f9</S>
      <Obj N="SOMs" RefId="1">
        <TN RefId="1">
          <T>System.Object[]</T>
          <T>System.Array</T>
          <T>System.Object</T>
        </TN>
        <LST>
          <S>{DomainDN}:False:True:1:False</S>
        </LST>
      </Obj>
      <S N="DomainDN">{DomainDN}</S>
      <Nil N="Wmifilter" />
    </MS>
  </Obj>
  <Obj RefId="2">
    <TNRef RefId="0" />
    <MS>
      <G N="BackupGuid">f3793564-0494-4c1e-9ea8-5495a4ecb0d2</G>
      <S N="Name">C-Azure Virtual Desktop - FSLogix Settings</S>
      <S N="GpoGuid">57b693e4-615c-4f32-abda-f59153a6a2db</S>
      <Obj N="SOMs" RefId="3">
        <TNRef RefId="1" />
        <LST>
          <S>OU=AVD,OU=SERVERS,OU=RESOURCES,{DomainDN}:False:True:3:False</S>
        </LST>
      </Obj>
      <S N="DomainDN">{DomainDN}</S>
      <Nil N="Wmifilter" />
    </MS>
  </Obj>
  <Obj RefId="4">
    <TNRef RefId="0" />
    <MS>
      <G N="BackupGuid">d37bc7d3-d375-4990-a04f-4bbc25011620</G>
      <S N="Name">Delta Domain Controller Policy</S>
      <S N="GpoGuid">5acfdf9c-8773-4cf5-b428-4c0a631f6931</S>
      <Obj N="SOMs" RefId="5">
        <TNRef RefId="1" />
        <LST>
          <S>OU=Domain Controllers,{DomainDN}:False:True:1:False</S>
        </LST>
      </Obj>
      <S N="DomainDN">{DomainDN}</S>
      <Nil N="Wmifilter" />
    </MS>
  </Obj>
  <Obj RefId="6">
    <TNRef RefId="0" />
    <MS>
      <G N="BackupGuid">869ccc29-01c6-4189-a2cb-f50ecb1b3188</G>
      <S N="Name">Default Domain Controllers Policy</S>
      <S N="GpoGuid">6ac1786c-016f-11d2-945f-00c04fb984f9</S>
      <Obj N="SOMs" RefId="7">
        <TNRef RefId="1" />
        <LST>
          <S>OU=Domain Controllers,{DomainDN}:False:True:2:False</S>
        </LST>
      </Obj>
      <S N="DomainDN">{DomainDN}</S>
      <Nil N="Wmifilter" />
    </MS>
  </Obj>
  <Obj RefId="8">
    <TNRef RefId="0" />
    <MS>
      <G N="BackupGuid">62b9423b-4c9f-49b9-b370-74711020608d</G>
      <S N="Name">U-Azure Virtual Desktop - Office365 Settings</S>
      <S N="GpoGuid">6ed68c92-b04f-4dc9-bd89-ba2e429d5131</S>
      <Obj N="SOMs" RefId="9">
        <TNRef RefId="1" />
        <LST>
          <S>OU=AVD,OU=SERVERS,OU=RESOURCES,{DomainDN}:False:True:1:False</S>
        </LST>
      </Obj>
      <S N="DomainDN">{DomainDN}</S>
      <Nil N="Wmifilter" />
    </MS>
  </Obj>
  <Obj RefId="10">
    <TNRef RefId="0" />
    <MS>
      <G N="BackupGuid">bae94bc3-a149-47fc-b64a-279b5de639c2</G>
      <S N="Name">LR-Azure Virtual Desktop - Host Settings</S>
      <S N="GpoGuid">9925018a-ef64-4192-a63d-c2d3f36b70f7</S>
      <Obj N="SOMs" RefId="11">
        <TNRef RefId="1" />
        <LST>
          <S>OU=AVD,OU=SERVERS,OU=RESOURCES,{DomainDN}:False:True:2:False</S>
        </LST>
      </Obj>
      <S N="DomainDN">{DomainDN}</S>
      <Nil N="Wmifilter" />
    </MS>
  </Obj>
  <Obj RefId="12">
    <TNRef RefId="0" />
    <MS>
      <G N="BackupGuid">1603a5a4-80e5-4090-a9ed-988ee800c886</G>
      <S N="Name">C-Storage Account Password Settings</S>
      <S N="GpoGuid">a9dfa66b-16f3-4722-8377-a5e8441fec54</S>
      <Obj N="SOMs" RefId="13">
        <TNRef RefId="1" />
        <LST>
          <S>OU=STORAGEACCOUNTS,OU=SERVICEACCOUNTS,OU=ACCOUNTS,OU=RESOURCES,{DomainDN}:False:True:1:False</S>
        </LST>
      </Obj>
      <S N="DomainDN">{DomainDN}</S>
      <Nil N="Wmifilter" />
    </MS>
  </Obj>
  <Obj RefId="14">
    <TNRef RefId="0" />
    <MS>
      <G N="BackupGuid">e59af725-b4b5-4af2-88f9-90d82d350b88</G>
      <S N="Name">Delta Domain Policy</S>
      <S N="GpoGuid">e49afa86-dc24-465e-a5ab-c46012328f40</S>
      <Obj N="SOMs" RefId="15">
        <TNRef RefId="1" />
        <LST>
          <S>{DomainDN}:False:True:2:False</S>
        </LST>
      </Obj>
      <S N="DomainDN">{DomainDN}</S>
      <Nil N="Wmifilter" />
    </MS>
  </Obj>
</Objs>
