"Default Domain Policy","{31b2f340-016d-11d2-945f-00c04fb984f9}","{DomainDN}:False:True:1:False",
"C-Azure Virtual Desktop - FSLogix Settings","{57b693e4-615c-4f32-abda-f59153a6a2db}","OU=AVD,OU=SERVERS,OU=RESOURCES,{DomainDN}:False:True:3:False",
"Delta Domain Controller Policy","{5acfdf9c-8773-4cf5-b428-4c0a631f6931}","OU=Domain Controllers,{DomainDN}:False:True:1:False",
"Default Domain Controllers Policy","{6ac1786c-016f-11d2-945f-00c04fb984f9}","OU=Domain Controllers,{DomainDN}:False:True:2:False",
"U-Azure Virtual Desktop - Office365 Settings","{6ed68c92-b04f-4dc9-bd89-ba2e429d5131}","OU=AVD,OU=SERVERS,OU=RESOURCES,{DomainDN}:False:True:1:False",
"LR-Azure Virtual Desktop - Host Settings","{9925018a-ef64-4192-a63d-c2d3f36b70f7}","OU=AVD,OU=SERVERS,OU=RESOURCES,{DomainDN}:False:True:2:False",
"C-Storage Account Password Settings","{a9dfa66b-16f3-4722-8377-a5e8441fec54}","OU=STORAGEACCOUNTS,OU=SERVICEACCOUNTS,OU=ACCOUNTS,OU=RESOURCES,{DomainDN}:False:True:1:False",
"Delta Domain Policy","{e49afa86-dc24-465e-a5ab-c46012328f40}","{DomainDN}:False:True:2:False",
