<BackupInst xmlns="http://www.microsoft.com/GroupPolicy/GPOOperations/Manifest"><GPOGuid><![CDATA[{43709A3C-23CA-44E5-A361-7405914A86A3}]]></GPOGuid><GPODomain><![CDATA[frs02001.localdns.nl]]></GPODomain><GPODomainGuid><![CDATA[{24bd9856-374d-46dc-be87-71adc043eda9}]]></GPODomainGuid><GPODomainController><![CDATA[s02001a01a0a001.frs02001.localdns.nl]]></GPODomainController><BackupTime><![CDATA[2024-04-18T09:08:46]]></BackupTime><ID><![CDATA[{54018A93-DDB1-4A00-ACD2-5EBAE1B105AF}]]></ID><Comment><![CDATA[]]></Comment><GPODisplayName><![CDATA[02001a09-C-P-W2022SecurityDeltaComputerV1.4]]></GPODisplayName></BackupInst>
