<Backups xmlns="http://www.microsoft.com/GroupPolicy/GPOOperations/Manifest" xmlns:mfst="http://www.microsoft.com/GroupPolicy/GPOOperations/Manifest" mfst:version="1.0"><BackupInst><GPOGuid><![CDATA[{eb29ec05-b1c1-42bc-948c-1fac0c27974b}]]></GPOGuid><GPODomain><![CDATA[{DomainFQDN}]]></GPODomain><GPODomainGuid><![CDATA[{{DomainGUID}}]]></GPODomainGuid><GPODomainController><![CDATA[{DCName}.{DomainFQDN}]]></GPODomainController><BackupTime><![CDATA[2023-08-13T22:12:54]]></BackupTime><ID><![CDATA[{BF0886D9-C24C-41C3-A610-F0E4392A7978}]]></ID><Comment><![CDATA[]]></Comment><GPODisplayName><![CDATA[C-Azure Virtual Desktop - FSLogix Settings]]></GPODisplayName></BackupInst></Backups>
