<BackupInst xmlns="http://www.microsoft.com/GroupPolicy/GPOOperations/Manifest"><GPOGuid><![CDATA[{6ED68C92-B04F-4DC9-BD89-BA2E429D5131}]]></GPOGuid><GPODomain><![CDATA[{DomainFQDN}]]></GPODomain><GPODomainGuid><![CDATA[{{DomainGUID}}]]></GPODomainGuid><GPODomainController><![CDATA[{DCName}.{DomainFQDN}]]></GPODomainController><BackupTime><![CDATA[2023-08-14T00:35:36]]></BackupTime><ID><![CDATA[{62B9423B-4C9F-49B9-B370-74711020608D}]]></ID><Comment><![CDATA[Scripted backup created by {DomainNetBIOS}\{DomainAdminUsername} on 8/14/2023]]></Comment><GPODisplayName><![CDATA[U-Azure Virtual Desktop - Office365 Settings]]></GPODisplayName></BackupInst>
