<BackupInst xmlns="http://www.microsoft.com/GroupPolicy/GPOOperations/Manifest"><GPOGuid><![CDATA[{94417E56-5B00-449C-BBC4-38028AC65095}]]></GPOGuid><GPODomain><![CDATA[frs02001.localdns.nl]]></GPODomain><GPODomainGuid><![CDATA[{24bd9856-374d-46dc-be87-71adc043eda9}]]></GPODomainGuid><GPODomainController><![CDATA[s02001a01a0a001.frs02001.localdns.nl]]></GPODomainController><BackupTime><![CDATA[2024-04-18T09:11:56]]></BackupTime><ID><![CDATA[{8E648B5F-1D1C-4EB4-ABF1-2A4253635B01}]]></ID><Comment><![CDATA[]]></Comment><GPODisplayName><![CDATA[02001a09-B-P-W2022SecurityBaselineUserV1.1]]></GPODisplayName></BackupInst>
