"GpoName","GpoPath","ActiveDirectoryRights","InheritanceType","ObjectType","InheritedObjectType","ObjectFlags","AccessControlType","IdentityReference","IsInherited","InheritanceFlags","PropagationFlags","SID","RID","IsBuiltIn","PrincipalType","DomainFqdn","DomainName"
"LR-Azure Virtual Desktop - Host Settings","cn={C5EF7520-9062-43FE-B01C-988601AFEE4F},cn=policies,cn=system,{DomainDN}","ExtendedRight","None","edacfd8f-ffb3-11d1-b41d-00a0c968f939","00000000-0000-0000-0000-000000000000","ObjectAceTypePresent","Deny","{DomainNetBIOS}\Domain Admins","False","None","None","{DomainSID}-512","512","True","group","{DomainFQDN}","{DomainNetBIOS}"
"LR-Azure Virtual Desktop - Host Settings","cn={C5EF7520-9062-43FE-B01C-988601AFEE4F},cn=policies,cn=system,{DomainDN}","ExtendedRight","None","edacfd8f-ffb3-11d1-b41d-00a0c968f939","00000000-0000-0000-0000-000000000000","ObjectAceTypePresent","Deny","{DomainNetBIOS}\{SGAVDLocalAdmins}","False","None","None","{DomainSID}-{SGAVDLocalAdminsRID}","{SGAVDLocalAdminsRID}","False","group","{DomainFQDN}","{DomainNetBIOS}"
"LR-Azure Virtual Desktop - Host Settings","cn={C5EF7520-9062-43FE-B01C-988601AFEE4F},cn=policies,cn=system,{DomainDN}","CreateChild, DeleteChild, Self, WriteProperty, DeleteTree, Delete, GenericRead, WriteDacl, WriteOwner","Descendents","00000000-0000-0000-0000-000000000000","00000000-0000-0000-0000-000000000000","None","Allow","CREATOR OWNER","False","ContainerInherit","InheritOnly","S-1-3-0","0","True","Local BuiltIn","{DomainFQDN}","{DomainNetBIOS}"
"LR-Azure Virtual Desktop - Host Settings","cn={C5EF7520-9062-43FE-B01C-988601AFEE4F},cn=policies,cn=system,{DomainDN}","GenericRead","All","00000000-0000-0000-0000-000000000000","00000000-0000-0000-0000-000000000000","None","Allow","NT AUTHORITY\ENTERPRISE DOMAIN CONTROLLERS","False","ContainerInherit","None","S-1-5-9","9","True","foreignSecurityPrincipal","{DomainFQDN}","{DomainNetBIOS}"
"LR-Azure Virtual Desktop - Host Settings","cn={C5EF7520-9062-43FE-B01C-988601AFEE4F},cn=policies,cn=system,{DomainDN}","GenericRead","All","00000000-0000-0000-0000-000000000000","00000000-0000-0000-0000-000000000000","None","Allow","NT AUTHORITY\Authenticated Users","False","ContainerInherit","None","S-1-5-11","11","True","foreignSecurityPrincipal","{DomainFQDN}","{DomainNetBIOS}"
"LR-Azure Virtual Desktop - Host Settings","cn={C5EF7520-9062-43FE-B01C-988601AFEE4F},cn=policies,cn=system,{DomainDN}","CreateChild, DeleteChild, Self, WriteProperty, DeleteTree, Delete, GenericRead, WriteDacl, WriteOwner","All","00000000-0000-0000-0000-000000000000","00000000-0000-0000-0000-000000000000","None","Allow","NT AUTHORITY\SYSTEM","False","ContainerInherit","None","S-1-5-18","18","True","Local BuiltIn","{DomainFQDN}","{DomainNetBIOS}"
"LR-Azure Virtual Desktop - Host Settings","cn={C5EF7520-9062-43FE-B01C-988601AFEE4F},cn=policies,cn=system,{DomainDN}","CreateChild, DeleteChild, Self, WriteProperty, DeleteTree, Delete, GenericRead, WriteDacl, WriteOwner","All","00000000-0000-0000-0000-000000000000","00000000-0000-0000-0000-000000000000","None","Allow","{DomainNetBIOS}\Domain Admins","False","ContainerInherit","None","{DomainSID}-512","512","True","group","{DomainFQDN}","{DomainNetBIOS}"
"LR-Azure Virtual Desktop - Host Settings","cn={C5EF7520-9062-43FE-B01C-988601AFEE4F},cn=policies,cn=system,{DomainDN}","CreateChild, DeleteChild, Self, WriteProperty, DeleteTree, Delete, GenericRead, WriteDacl, WriteOwner","All","00000000-0000-0000-0000-000000000000","00000000-0000-0000-0000-000000000000","None","Allow","{DomainNetBIOS}\Enterprise Admins","False","ContainerInherit","None","{DomainSID}-519","519","True","group","{DomainFQDN}","{DomainNetBIOS}"
"LR-Azure Virtual Desktop - Host Settings","cn={C5EF7520-9062-43FE-B01C-988601AFEE4F},cn=policies,cn=system,{DomainDN}","ReadProperty, GenericExecute","All","00000000-0000-0000-0000-000000000000","00000000-0000-0000-0000-000000000000","None","Allow","{DomainNetBIOS}\{SGAVDLocalAdmins}","False","ContainerInherit","None","{DomainSID}-{SGAVDLocalAdminsRID}","{SGAVDLocalAdminsRID}","False","group","{DomainFQDN}","{DomainNetBIOS}"
"LR-Azure Virtual Desktop - Host Settings","cn={C5EF7520-9062-43FE-B01C-988601AFEE4F},cn=policies,cn=system,{DomainDN}","ExtendedRight","All","edacfd8f-ffb3-11d1-b41d-00a0c968f939","00000000-0000-0000-0000-000000000000","ObjectAceTypePresent","Allow","NT AUTHORITY\Authenticated Users","False","ContainerInherit","None","S-1-5-11","11","True","foreignSecurityPrincipal","{DomainFQDN}","{DomainNetBIOS}"
