<BackupInst xmlns="http://www.microsoft.com/GroupPolicy/GPOOperations/Manifest"><GPOGuid><![CDATA[{d04a5d7e-b9db-47a6-9766-c6f6fef52d0f}]]></GPOGuid><GPODomain><![CDATA[{DomainFQDN}]]></GPODomain><GPODomainGuid><![CDATA[{{DomainGUID}}]]></GPODomainGuid><GPODomainController><![CDATA[{DCName}.{DomainFQDN}]]></GPODomainController><BackupTime><![CDATA[2023-08-13T22:13:06]]></BackupTime><ID><![CDATA[{040AB5A0-FE2B-45DD-A1F3-E93F23EEC287}]]></ID><Comment><![CDATA[]]></Comment><GPODisplayName><![CDATA[U-Azure Virtual Desktop - Office365 Settings]]></GPODisplayName></BackupInst>
